titre,url_fiche,annee_sortie,id_imdb,id_moviedb_final,budget
La belle époque,https://www.imdb.com/title/tt9172422/?ref_=adv_li_tt,2019,tt9172422,595975,11000000
Anna,https://www.imdb.com/title/tt7456310/?ref_=adv_li_tt,2019,tt7456310,484641,34000000
Portrait de la jeune fille en feu,https://www.imdb.com/title/tt8613070/?ref_=adv_li_tt,2019,tt8613070,531428,5740000
Curiosa,https://www.imdb.com/title/tt7598076/?ref_=adv_li_tt,2019,tt7598076,487616,0
Le Chant du loup,https://www.imdb.com/title/tt7458762/?ref_=adv_li_tt,2019,tt7458762,484468,0
Blanche Comme Neige,https://www.imdb.com/title/tt8054066/?ref_=adv_li_tt,2019,tt8054066,487437,0
Lux Æterna,https://www.imdb.com/title/tt10272534/?ref_=adv_li_tt,2019,tt10272534,599377,0
Une fille facile,https://www.imdb.com/title/tt9632590/?ref_=adv_li_tt,2019,tt9632590,575479,0
Seules les bêtes,https://www.imdb.com/title/tt10409498/?ref_=adv_li_tt,2019,tt10409498,574321,5000000
Mon chien stupide,https://www.imdb.com/title/tt10143498/?ref_=adv_li_tt,2019,tt10143498,536506,0
Domino - La Guerre silencieuse,https://www.imdb.com/title/tt3282076/?ref_=adv_li_tt,2019,tt3282076,455957,7800000
The Operative,https://www.imdb.com/title/tt8000718/?ref_=adv_li_tt,2019,tt8000718,574207,0
J'accuse,https://www.imdb.com/title/tt2398149/?ref_=adv_li_tt,2019,tt2398149,399121,25300000
Sibyl,https://www.imdb.com/title/tt9173264/?ref_=adv_li_tt,2019,tt9173264,559401,0
J'ai perdu mon corps,https://www.imdb.com/title/tt9806192/?ref_=adv_li_tt,2019,tt9806192,586940,0
Martin Eden,https://www.imdb.com/title/tt4516162/?ref_=adv_li_tt,2019,tt4516162,582873,3800000
Lucky Day,https://www.imdb.com/title/tt7248248/?ref_=adv_li_tt,2019,tt7248248,477508,0
Les Misérables,https://www.imdb.com/title/tt10199590/?ref_=adv_li_tt,2019,tt10199590,586863,0
Paradise Beach,https://www.imdb.com/title/tt7511008/?ref_=adv_li_tt,2019,tt7511008,571650,0
"Mektoub, My Love: Intermezzo",https://www.imdb.com/title/tt8253606/?ref_=adv_li_tt,2019,tt8253606,504588,0
Proxima,https://www.imdb.com/title/tt7374926/?ref_=adv_li_tt,2019,tt7374926,478860,0
Hors Normes,https://www.imdb.com/title/tt8655470/?ref_=adv_li_tt,2019,tt8655470,579245,0
Celle que vous croyez,https://www.imdb.com/title/tt7552686/?ref_=adv_li_tt,2019,tt7552686,544404,0
Un divan à Tunis,https://www.imdb.com/title/tt9648886/?ref_=adv_li_tt,2019,tt9648886,582897,0
Les traducteurs,https://www.imdb.com/title/tt6270534/?ref_=adv_li_tt,2019,tt6270534,477018,0
La Vérité,https://www.imdb.com/title/tt8323120/?ref_=adv_li_tt,2019,tt8323120,517468,0
Atlantique,https://www.imdb.com/title/tt10199586/?ref_=adv_li_tt,2019,tt10199586,496967,1600000
Deux moi,https://www.imdb.com/title/tt10407272/?ref_=adv_li_tt,2019,tt10407272,583268,0
Qu'est-ce qu'on a encore fait au bon Dieu ?,https://www.imdb.com/title/tt6556670/?ref_=adv_li_tt,2019,tt6556670,505436,0
Chambre 212,https://www.imdb.com/title/tt10115562/?ref_=adv_li_tt,2019,tt10115562,595867,0
Papicha,https://www.imdb.com/title/tt9522080/?ref_=adv_li_tt,2019,tt9522080,592807,0
Deux,https://www.imdb.com/title/tt9845110/?ref_=adv_li_tt,2019,tt9845110,621744,0
Le Daim,https://www.imdb.com/title/tt8193790/?ref_=adv_li_tt,2019,tt8193790,582883,0
Madre,https://www.imdb.com/title/tt9234450/?ref_=adv_li_tt,2019,tt9234450,594692,0
La Nuit venue,https://www.imdb.com/title/tt9262952/?ref_=adv_li_tt,2019,tt9262952,636831,0
Furie,https://www.imdb.com/title/tt8246392/?ref_=adv_li_tt,2019,tt8246392,622654,0
Synonymes,https://www.imdb.com/title/tt7016254/?ref_=adv_li_tt,2019,tt7016254,501590,2500000
My Zoé,https://www.imdb.com/title/tt6290584/?ref_=adv_li_tt,2019,tt6290584,477657,0
L'Audition,https://www.imdb.com/title/tt8620154/?ref_=adv_li_tt,2019,tt8620154,575563,0
It Must Be Heaven,https://www.imdb.com/title/tt8359842/?ref_=adv_li_tt,2019,tt8359842,539531,0
L'intervention,https://www.imdb.com/title/tt8060774/?ref_=adv_li_tt,2019,tt8060774,484638,0
Alice,https://www.imdb.com/title/tt9120416/?ref_=adv_li_tt,2019,tt9120416,576002,0
Le jeune Ahmed,https://www.imdb.com/title/tt8359822/?ref_=adv_li_tt,2019,tt8359822,522373,0
Mon inconnue,https://www.imdb.com/title/tt8265928/?ref_=adv_li_tt,2019,tt8265928,570131,0
Frankie,https://www.imdb.com/title/tt8019694/?ref_=adv_li_tt,2019,tt8019694,505941,0
Adoration,https://www.imdb.com/title/tt7715270/?ref_=adv_li_tt,2019,tt7715270,487631,0
Nous finirons ensemble,https://www.imdb.com/title/tt8201404/?ref_=adv_li_tt,2019,tt8201404,542830,0
Adults in the Room,https://www.imdb.com/title/tt7493370/?ref_=adv_li_tt,2019,tt7493370,512056,0
Les Crevettes pailletées,https://www.imdb.com/title/tt6918220/?ref_=adv_li_tt,2019,tt6918220,532938,3500000
La fille au bracelet,https://www.imdb.com/title/tt7766886/?ref_=adv_li_tt,2019,tt7766886,582923,0
Sœurs d'armes,https://www.imdb.com/title/tt7858472/?ref_=adv_li_tt,2019,tt7858472,618326,5600000
Le mystère Henri Pick,https://www.imdb.com/title/tt8263936/?ref_=adv_li_tt,2019,tt8263936,566454,0
"Terra Willy, planète inconnue",https://www.imdb.com/title/tt8329148/?ref_=adv_li_tt,2019,tt8329148,580600,0
Jeanne,https://www.imdb.com/title/tt8669356/?ref_=adv_li_tt,2019,tt8669356,540111,0
Les Parfums,https://www.imdb.com/title/tt11748354/?ref_=adv_li_tt,2019,tt11748354,658905,0
Liberté,https://www.imdb.com/title/tt10199670/?ref_=adv_li_tt,2019,tt10199670,595924,0
Dernier amour,https://www.imdb.com/title/tt9105628/?ref_=adv_li_tt,2019,tt9105628,504605,0
Trois jours et une vie,https://www.imdb.com/title/tt10204366/?ref_=adv_li_tt,2019,tt10204366,617986,0
Let's Dance,https://www.imdb.com/title/tt8599746/?ref_=adv_li_tt,2019,tt8599746,532620,0
Avantages de Voyager en Train,https://www.imdb.com/title/tt8406738/?ref_=adv_li_tt,2019,tt8406738,-,-
Lola vers la mer,https://www.imdb.com/title/tt8356178/?ref_=adv_li_tt,2019,tt8356178,617299,0
Revenir,https://www.imdb.com/title/tt9411900/?ref_=adv_li_tt,2019,tt9411900,582922,0
"Roubaix, une lumière",https://www.imdb.com/title/tt8359840/?ref_=adv_li_tt,2019,tt8359840,574097,0
Zombi Child,https://www.imdb.com/title/tt9056192/?ref_=adv_li_tt,2019,tt9056192,554311,0
#jesuislà,https://www.imdb.com/title/tt9828918/?ref_=adv_li_tt,2019,tt9828918,-,-
Play,https://www.imdb.com/title/tt7998848/?ref_=adv_li_tt,2019,tt7998848,547258,0
Ibiza,https://www.imdb.com/title/tt7942936/?ref_=adv_li_tt,2019,tt7942936,531735,0
La Vie scolaire,https://www.imdb.com/title/tt8783532/?ref_=adv_li_tt,2019,tt8783532,587301,0
Les Plus belles années d'une vie,https://www.imdb.com/title/tt9075612/?ref_=adv_li_tt,2019,tt9075612,582887,0
Fête de famille,https://www.imdb.com/title/tt8080196/?ref_=adv_li_tt,2019,tt8080196,505940,5350000
Versus,https://www.imdb.com/title/tt7511972/?ref_=adv_li_tt,2019,tt7511972,483555,0
Polina,https://www.imdb.com/title/tt5191094/?ref_=adv_li_tt,2019,tt5191094,408437,0
Kizim Gibi Kokuyorsun,https://www.imdb.com/title/tt10086502/?ref_=adv_li_tt,2019,tt10086502,717748,0
Le meilleur reste à venir,https://www.imdb.com/title/tt9284430/?ref_=adv_li_tt,2019,tt9284430,582206,13000000
Just a Gigolo,https://www.imdb.com/title/tt8163224/?ref_=adv_li_tt,2019,tt8163224,544345,0
Docteur?,https://www.imdb.com/title/tt11013572/?ref_=adv_li_tt,2019,tt11013572,613349,6837995
Au nom de la terre,https://www.imdb.com/title/tt10545470/?ref_=adv_li_tt,2019,tt10545470,612368,0
L'Adieu à la nuit,https://www.imdb.com/title/tt8569390/?ref_=adv_li_tt,2019,tt8569390,575458,0
Pompei,https://www.imdb.com/title/tt8972476/?ref_=adv_li_tt,2019,tt8972476,621731,0
Une belle équipe,https://www.imdb.com/title/tt9031048/?ref_=adv_li_tt,2019,tt9031048,613345,0
Donne-moi des ailes,https://www.imdb.com/title/tt10204940/?ref_=adv_li_tt,2019,tt10204940,589982,0
Chanson douce,https://www.imdb.com/title/tt7600706/?ref_=adv_li_tt,2019,tt7600706,582895,0
Alice et le maire,https://www.imdb.com/title/tt8903840/?ref_=adv_li_tt,2019,tt8903840,592480,0
L' État sauvage,https://www.imdb.com/title/tt8770976/?ref_=adv_li_tt,2019,tt8770976,582919,0
Roads,https://www.imdb.com/title/tt7303530/?ref_=adv_li_tt,2019,tt7303530,480527,0
Une jeunesse dorée,https://www.imdb.com/title/tt7893416/?ref_=adv_li_tt,2019,tt7893416,487416,0
Les hirondelles de Kaboul,https://www.imdb.com/title/tt7534102/?ref_=adv_li_tt,2019,tt7534102,582881,0
Sympathie pour le diable,https://www.imdb.com/title/tt7710486/?ref_=adv_li_tt,2019,tt7710486,636835,0
All Inclusive,https://www.imdb.com/title/tt8129966/?ref_=adv_li_tt,2019,tt8129966,510452,0
Mes jours de gloire,https://www.imdb.com/title/tt9625632/?ref_=adv_li_tt,2019,tt9625632,582911,0
L'Angle Mort,https://www.imdb.com/title/tt9412514/?ref_=adv_li_tt,2019,tt9412514,585093,0
La Grande Classe,https://www.imdb.com/title/tt10715194/?ref_=adv_li_tt,2019,tt10715194,624060,0
La dernière vie de Simon,https://www.imdb.com/title/tt6487174/?ref_=adv_li_tt,2019,tt6487174,616461,0
Toute ressemblance...,https://www.imdb.com/title/tt8338930/?ref_=adv_li_tt,2019,tt8338930,550158,0
Fahim,https://www.imdb.com/title/tt4693588/?ref_=adv_li_tt,2019,tt4693588,589978,0
Selfie,https://www.imdb.com/title/tt8572922/?ref_=adv_li_tt,VI 2019,tt8572922,613319,0
Mon Bébé,https://www.imdb.com/title/tt7682382/?ref_=adv_li_tt,2019,tt7682382,547539,8000000
Gloria Mundi,https://www.imdb.com/title/tt9584814/?ref_=adv_li_tt,2019,tt9584814,572521,4100000
Énorme,https://www.imdb.com/title/tt8076110/?ref_=adv_li_tt,2019,tt8076110,640561,0
Banlieusards,https://www.imdb.com/title/tt10958282/?ref_=adv_li_tt,2019,tt10958282,614488,0
Haut perchés,https://www.imdb.com/title/tt10608632/?ref_=adv_li_tt,2019,tt10608632,607444,0
L'extraordinaire voyage de Marona,https://www.imdb.com/title/tt6785292/?ref_=adv_li_tt,2019,tt6785292,568381,3000000
Vif-Argent,https://www.imdb.com/title/tt10224624/?ref_=adv_li_tt,2019,tt10224624,597693,0
Un Fils,https://www.imdb.com/title/tt10749760/?ref_=adv_li_tt,2019,tt10749760,618224,0
Mon frère,https://www.imdb.com/title/tt9095526/?ref_=adv_li_tt,2019,tt9095526,570137,0
Paris est à nous,https://www.imdb.com/title/tt7920024/?ref_=adv_li_tt,2019,tt7920024,504321,0
A French Woman,https://www.imdb.com/title/tt11841266/?ref_=adv_li_tt,2019,tt11841266,600136,0
Parole donnée,https://www.imdb.com/title/tt9233612/?ref_=adv_li_tt,2019,tt9233612,567417,0
La fameuse invasion des ours en Sicile,https://www.imdb.com/title/tt6284064/?ref_=adv_li_tt,2019,tt6284064,537655,0
Perdrix,https://www.imdb.com/title/tt10228204/?ref_=adv_li_tt,2019,tt10228204,592798,0
Inséparables,https://www.imdb.com/title/tt9811374/?ref_=adv_li_tt,2019,tt9811374,589984,0
Tu mérites un amour,https://www.imdb.com/title/tt10223546/?ref_=adv_li_tt,2019,tt10223546,596860,0
Venise n'est pas en Italie,https://www.imdb.com/title/tt8655574/?ref_=adv_li_tt,2019,tt8655574,570260,0
Notre Dame,https://www.imdb.com/title/tt9431080/?ref_=adv_li_tt,2019,tt9431080,582886,4360174
Oleg,https://www.imdb.com/title/tt7714770/?ref_=adv_li_tt,2019,tt7714770,597096,0
Rebelles,https://www.imdb.com/title/tt8083606/?ref_=adv_li_tt,2019,tt8083606,569814,0
Samsam,https://www.imdb.com/title/tt9784518/?ref_=adv_li_tt,2019,tt9784518,589973,0
La Sainte Famille,https://www.imdb.com/title/tt10489382/?ref_=adv_li_tt,2019,tt10489382,608742,0
Le dindon,https://www.imdb.com/title/tt8992390/?ref_=adv_li_tt,2019,tt8992390,590017,0
Mais vous êtes fous,https://www.imdb.com/title/tt8110662/?ref_=adv_li_tt,2019,tt8110662,534373,0
Chamboultout,https://www.imdb.com/title/tt8538552/?ref_=adv_li_tt,2019,tt8538552,574861,0
Qu'un sang impur...,https://www.imdb.com/title/tt9348690/?ref_=adv_li_tt,2019,tt9348690,582909,0
La lutte des classes,https://www.imdb.com/title/tt8171974/?ref_=adv_li_tt,2019,tt8171974,570132,0
Un monde plus grand,https://www.imdb.com/title/tt7265272/?ref_=adv_li_tt,2019,tt7265272,490462,0
Ma Famille et le Loup,https://www.imdb.com/title/tt5869404/?ref_=adv_li_tt,2019,tt5869404,613296,0
Made in China,https://www.imdb.com/title/tt9351598/?ref_=adv_li_tt,2019,tt9351598,602971,0
Joyeuse retraite!,https://www.imdb.com/title/tt9454778/?ref_=adv_li_tt,2019,tt9454778,589976,0
À cause des filles..?,https://www.imdb.com/title/tt8903294/?ref_=adv_li_tt,2019,tt8903294,568406,0
Eiga Doraemon: Nobita no getsumen tansaki,https://www.imdb.com/title/tt9735672/?ref_=adv_li_tt,2019,tt9735672,575222,65000000
Thalasso,https://www.imdb.com/title/tt9699640/?ref_=adv_li_tt,2019,tt9699640,582874,0
"Clément, Alex et tous les autres",https://www.imdb.com/title/tt7684416/?ref_=adv_li_tt,2019,tt7684416,608956,0
Les héros ne meurent jamais,https://www.imdb.com/title/tt9041212/?ref_=adv_li_tt,2019,tt9041212,582905,0
French Touch: Girls on Fire,https://www.imdb.com/title/tt10885700/?ref_=adv_li_tt,2019,tt10885700,626962,0
Camille,https://www.imdb.com/title/tt9678892/?ref_=adv_li_tt,2019,tt9678892,582912,0
Les éblouis,https://www.imdb.com/title/tt9170086/?ref_=adv_li_tt,2019,tt9170086,582906,0
Damien veut changer le monde,https://www.imdb.com/title/tt8399088/?ref_=adv_li_tt,2019,tt8399088,528668,0
Convoi exceptionnel,https://www.imdb.com/title/tt7664096/?ref_=adv_li_tt,2019,tt7664096,570128,0
Magari,https://www.imdb.com/title/tt8134358/?ref_=adv_li_tt,2019,tt8134358,614971,0
Rendez-vous Chez Les Malawas,https://www.imdb.com/title/tt10537978/?ref_=adv_li_tt,2019,tt10537978,643236,0
Je voudrais que quelqu'un m'attende quelque part,https://www.imdb.com/title/tt9151382/?ref_=adv_li_tt,2019,tt9151382,613336,0
Persona non grata,https://www.imdb.com/title/tt7801894/?ref_=adv_li_tt,2019,tt7801894,537180,3840000
Vers la bataille,https://www.imdb.com/title/tt9078936/?ref_=adv_li_tt,2019,tt9078936,592693,0
C'est quoi cette mamie?!,https://www.imdb.com/title/tt9777790/?ref_=adv_li_tt,2019,tt9777790,579898,0
Meltem,https://www.imdb.com/title/tt9053030/?ref_=adv_li_tt,2019,tt9053030,563673,0
Yves,https://www.imdb.com/title/tt10183616/?ref_=adv_li_tt,2019,tt10183616,570258,0
Jusqu'ici tout va bien,https://www.imdb.com/title/tt7882250/?ref_=adv_li_tt,2019,tt7882250,547388,9598644
Walter,https://www.imdb.com/title/tt9680064/?ref_=adv_li_tt,2019,tt9680064,579298,0
J'irai où tu iras,https://www.imdb.com/title/tt10533078/?ref_=adv_li_tt,2019,tt10533078,589985,0
A coeur battant,https://www.imdb.com/title/tt10850214/?ref_=adv_li_tt,2019,tt10850214,618206,0
Merveilles à Montfermeil,https://www.imdb.com/title/tt8506714/?ref_=adv_li_tt,2019,tt8506714,592566,0
L'esprit de famille,https://www.imdb.com/title/tt8699286/?ref_=adv_li_tt,2019,tt8699286,613361,0
Un vrai bonhomme,https://www.imdb.com/title/tt9172490/?ref_=adv_li_tt,2019,tt9172490,544398,0
Qui m'aime me suive!,https://www.imdb.com/title/tt7654880/?ref_=adv_li_tt,2019,tt7654880,575600,0
Entre deux trains,https://www.imdb.com/title/tt9133200/?ref_=adv_li_tt,2019,tt9133200,-,-
Sun,https://www.imdb.com/title/tt7388274/?ref_=adv_li_tt,2019,tt7388274,544334,0
Les Vétos,https://www.imdb.com/title/tt9041586/?ref_=adv_li_tt,2019,tt9041586,613348,0
Le Voyage du Prince,https://www.imdb.com/title/tt9144838/?ref_=adv_li_tt,2019,tt9144838,575557,4200000
Black Snake: La légende du serpent noir,https://www.imdb.com/title/tt7936092/?ref_=adv_li_tt,2019,tt7936092,553478,0
"Tanguy, le retour",https://www.imdb.com/title/tt9235038/?ref_=adv_li_tt,2019,tt9235038,528773,0
French Touch: Between Men,https://www.imdb.com/title/tt10887468/?ref_=adv_li_tt,2019,tt10887468,599158,0
Fourmi,https://www.imdb.com/title/tt9767556/?ref_=adv_li_tt,2019,tt9767556,589181,0
Just Kids,https://www.imdb.com/title/tt9170112/?ref_=adv_li_tt,2019,tt9170112,706568,0
Je ne rêve que de vous,https://www.imdb.com/title/tt9079080/?ref_=adv_li_tt,2019,tt9079080,651838,0
Poissonsexe,https://www.imdb.com/title/tt9164788/?ref_=adv_li_tt,2019,tt9164788,592782,0
Le Réseau Shelburn,https://www.imdb.com/title/tt11046384/?ref_=adv_li_tt,2019,tt11046384,656550,0
Ni une ni deux,https://www.imdb.com/title/tt8214204/?ref_=adv_li_tt,2019,tt8214204,590986,0
Roxane,https://www.imdb.com/title/tt9096148/?ref_=adv_li_tt,2019,tt9096148,602283,0
French Touch: Girls of Summer,https://www.imdb.com/title/tt10886246/?ref_=adv_li_tt,2019,tt10886246,626966,0
Douze Mille,https://www.imdb.com/title/tt9345778/?ref_=adv_li_tt,2019,tt9345778,616214,0
Le Voyage de Marta,https://www.imdb.com/title/tt8185374/?ref_=adv_li_tt,2019,tt8185374,577055,0
Premier de la classe,https://www.imdb.com/title/tt10143114/?ref_=adv_li_tt,2019,tt10143114,605015,0
La forêt de mon père,https://www.imdb.com/title/tt9348752/?ref_=adv_li_tt,2019,tt9348752,654862,0
Quand on crie au loup,https://www.imdb.com/title/tt8871394/?ref_=adv_li_tt,2019,tt8871394,550473,0
Flying Guy,https://www.imdb.com/title/tt8253030/?ref_=adv_li_tt,2019,tt8253030,-,-
Andy,https://www.imdb.com/title/tt8956156/?ref_=adv_li_tt,2019,tt8956156,611241,0
Je promets d'être sage,https://www.imdb.com/title/tt9041234/?ref_=adv_li_tt,2019,tt9041234,534371,0
Rêves de Jeunesse,https://www.imdb.com/title/tt10415798/?ref_=adv_li_tt,2019,tt10415798,597691,0
Le choc du futur,https://www.imdb.com/title/tt8081326/?ref_=adv_li_tt,2019,tt8081326,603158,0
Les envoûtés,https://www.imdb.com/title/tt7725374/?ref_=adv_li_tt,2019,tt7725374,633187,0
Salauds de pauvres,https://www.imdb.com/title/tt8802706/?ref_=adv_li_tt,2019,tt8802706,589311,0
Les Petits Flocons,https://www.imdb.com/title/tt8020648/?ref_=adv_li_tt,2019,tt8020648,568401,0
Libertins,https://www.imdb.com/title/tt10278136/?ref_=adv_li_tt,2019,tt10278136,603159,0
Exfiltrés,https://www.imdb.com/title/tt6100286/?ref_=adv_li_tt,2019,tt6100286,579273,0
Notre-Dame du Nil,https://www.imdb.com/title/tt8690948/?ref_=adv_li_tt,2019,tt8690948,582877,0
La Source,https://www.imdb.com/title/tt10492618/?ref_=adv_li_tt,2019,tt10492618,608954,0
Escort Boy,https://www.imdb.com/title/tt10602774/?ref_=adv_li_tt,2019,tt10602774,643443,0
Ma nudité ne sert à rien,https://www.imdb.com/title/tt10065750/?ref_=adv_li_tt,2019,tt10065750,575849,0
La vertu des impondérables,https://www.imdb.com/title/tt10356734/?ref_=adv_li_tt,2019,tt10356734,715313,0
Convergent,https://www.imdb.com/title/tt9216382/?ref_=adv_li_tt,2019,tt9216382,581456,0
La vérité si je mens! Les débuts,https://www.imdb.com/title/tt9372116/?ref_=adv_li_tt,2019,tt9372116,589980,0
The Darkest,https://www.imdb.com/title/tt6989180/?ref_=adv_li_tt,2019,tt6989180,510883,0
Un café sans musique c'est rare à Paris,https://www.imdb.com/title/tt4371428/?ref_=adv_li_tt,2019,tt4371428,565410,0
Place des victoires,https://www.imdb.com/title/tt8431314/?ref_=adv_li_tt,2019,tt8431314,617296,0
L'échappée,https://www.imdb.com/title/tt7087306/?ref_=adv_li_tt,2019,tt7087306,483698,0
Victor & Célia,https://www.imdb.com/title/tt9112776/?ref_=adv_li_tt,2019,tt9112776,589230,0
L'Âge d'Or,https://www.imdb.com/title/tt9091118/?ref_=adv_li_tt,2019,tt9091118,710731,0
Noise,https://www.imdb.com/title/tt9378600/?ref_=adv_li_tt,2019,tt9378600,648627,0
Fragments,https://www.imdb.com/title/tt9913418/?ref_=adv_li_tt,2019,tt9913418,-,-
Beaux-parents,https://www.imdb.com/title/tt8600414/?ref_=adv_li_tt,2019,tt8600414,593475,0
Sem Seu Sangue,https://www.imdb.com/title/tt10222752/?ref_=adv_li_tt,2019,tt10222752,597107,0
French Touch: Mixed Feelings,https://www.imdb.com/title/tt10887424/?ref_=adv_li_tt,2019,tt10887424,626972,0
Sur la peau,https://www.imdb.com/title/tt10122334/?ref_=adv_li_tt,2019,tt10122334,609507,0
Republique: The Interactive,https://www.imdb.com/title/tt10590338/?ref_=adv_li_tt,2019,tt10590338,-,-
Vagabondes,https://www.imdb.com/title/tt10869858/?ref_=adv_li_tt,2019,tt10869858,710740,0
Mirage,https://www.imdb.com/title/tt10199588/?ref_=adv_li_tt,2019,tt10199588,645443,0
Debout sur la montagne,https://www.imdb.com/title/tt10384908/?ref_=adv_li_tt,2019,tt10384908,612655,0
French Frights,https://www.imdb.com/title/tt18070908/?ref_=adv_li_tt,2019,tt18070908,-,-
Le Corps sauvage,https://www.imdb.com/title/tt8710100/?ref_=adv_li_tt,2019,tt8710100,582027,0
Les particules,https://www.imdb.com/title/tt8302982/?ref_=adv_li_tt,2019,tt8302982,582926,0
Terminal Sud,https://www.imdb.com/title/tt10292050/?ref_=adv_li_tt,2019,tt10292050,592776,0
Les enfants d'Isadora,https://www.imdb.com/title/tt10444992/?ref_=adv_li_tt,2019,tt10444992,589745,230000
Soumaya,https://www.imdb.com/title/tt11373998/?ref_=adv_li_tt,2019,tt11373998,664360,0
Les municipaux: Trop c'est trop,https://www.imdb.com/title/tt9169966/?ref_=adv_li_tt,2019,tt9169966,613317,0
La bataille du rail,https://www.imdb.com/title/tt11832346/?ref_=adv_li_tt,2019,tt11832346,786929,0
Jeunesse sauvage,https://www.imdb.com/title/tt7358122/?ref_=adv_li_tt,2019,tt7358122,611619,0
Les beaux menteurs,https://www.imdb.com/title/tt9679234/?ref_=adv_li_tt,2019,tt9679234,591015,0
Vortex,https://www.imdb.com/title/tt10556354/?ref_=adv_li_tt,IV 2019,tt10556354,709531,0
Jeunes et courts!,https://www.imdb.com/title/tt11043910/?ref_=adv_li_tt,2019,tt11043910,643541,0
Junk Love,https://www.imdb.com/title/tt9428050/?ref_=adv_li_tt,2019,tt9428050,591037,0
Ni dieux ni maîtres,https://www.imdb.com/title/tt5614174/?ref_=adv_li_tt,2019,tt5614174,480657,0
Bionic Showgirl,https://www.imdb.com/title/tt10069190/?ref_=adv_li_tt,2019,tt10069190,-,-
Bonjour le monde!,https://www.imdb.com/title/tt10872982/?ref_=adv_li_tt,2019,tt10872982,627451,0
Le Bel été,https://www.imdb.com/title/tt11275350/?ref_=adv_li_tt,2019,tt11275350,626655,0
On ment toujours à ceux qu'on aime,https://www.imdb.com/title/tt7439512/?ref_=adv_li_tt,2019,tt7439512,573441,0
Kids with Guns,https://www.imdb.com/title/tt5547846/?ref_=adv_li_tt,2019,tt5547846,713231,0
Frères d'arme,https://www.imdb.com/title/tt7523386/?ref_=adv_li_tt,2019,tt7523386,484744,0
Links of Life,https://www.imdb.com/title/tt4725914/?ref_=adv_li_tt,2019,tt4725914,445002,0
Trop Belge pour toi,https://www.imdb.com/title/tt9384150/?ref_=adv_li_tt,2019,tt9384150,578966,0
La Deuxième,https://www.imdb.com/title/tt9074994/?ref_=adv_li_tt,2019,tt9074994,575206,0
Plein la vue,https://www.imdb.com/title/tt7417994/?ref_=adv_li_tt,2019,tt7417994,622942,0
Le rêve de Mila,https://www.imdb.com/title/tt10619650/?ref_=adv_li_tt,2019,tt10619650,-,-
Jusqu'à la lie,https://www.imdb.com/title/tt8206958/?ref_=adv_li_tt,2019,tt8206958,636057,0
Colour Me Queer,https://www.imdb.com/title/tt18062404/?ref_=adv_li_tt,2019,tt18062404,-,-
French Touch: Coming of Age,https://www.imdb.com/title/tt10887342/?ref_=adv_li_tt,2019,tt10887342,626967,0
Le retour de Richard 3 par le train de 9h24,https://www.imdb.com/title/tt10081286/?ref_=adv_li_tt,2019,tt10081286,710742,0
Intemporel,https://www.imdb.com/title/tt9145354/?ref_=adv_li_tt,2019,tt9145354,-,-
Jungle Jihad,https://www.imdb.com/title/tt4853914/?ref_=adv_li_tt,2019,tt4853914,-,-
Secrets de Famille,https://www.imdb.com/title/tt11306812/?ref_=adv_li_tt,2019,tt11306812,710701,0
La Passion de Marie Madeleine,https://www.imdb.com/title/tt11307832/?ref_=adv_li_tt,2019,tt11307832,640118,0
Trip,https://www.imdb.com/title/tt8657636/?ref_=adv_li_tt,III 2019,tt8657636,-,-
Hayati,https://www.imdb.com/title/tt10939980/?ref_=adv_li_tt,2019,tt10939980,622753,0
Pau,https://www.imdb.com/title/tt7865156/?ref_=adv_li_tt,2019,tt7865156,582024,0
La compagne des morts,https://www.imdb.com/title/tt8041264/?ref_=adv_li_tt,2019,tt8041264,878972,0
Carte de visite,https://www.imdb.com/title/tt9303782/?ref_=adv_li_tt,2019,tt9303782,616023,0
Mens,https://www.imdb.com/title/tt10125774/?ref_=adv_li_tt,2019,tt10125774,573654,0
Push it to the limit,https://www.imdb.com/title/tt11339636/?ref_=adv_li_tt,2019,tt11339636,821387,0
The Lost Generation,https://www.imdb.com/title/tt9823554/?ref_=adv_li_tt,2019,tt9823554,-,-
Plan Bee,https://www.imdb.com/title/tt9766186/?ref_=adv_li_tt,2019,tt9766186,580938,0
Online Billie,https://www.imdb.com/title/tt7279030/?ref_=adv_li_tt,2019,tt7279030,640348,0
Butterflymania,https://www.imdb.com/title/tt9364572/?ref_=adv_li_tt,2019,tt9364572,713206,0
Maudit,https://www.imdb.com/title/tt11374224/?ref_=adv_li_tt,2019,tt11374224,651671,0
Les comètes,https://www.imdb.com/title/tt9717626/?ref_=adv_li_tt,2019,tt9717626,573444,0
Tout est vrai,https://www.imdb.com/title/tt11262998/?ref_=adv_li_tt,2019,tt11262998,783071,0
You Won't Remember Me,https://www.imdb.com/title/tt10417658/?ref_=adv_li_tt,2019,tt10417658,-,-
Hard Corps,https://www.imdb.com/title/tt11098182/?ref_=adv_li_tt,2019,tt11098182,-,-
Hors Saison,https://www.imdb.com/title/tt18279886/?ref_=adv_li_tt,2019,tt18279886,-,-
Entre Dos Aguas,https://www.imdb.com/title/tt14115848/?ref_=adv_li_tt,2019,tt14115848,-,-
Timelife,https://www.imdb.com/title/tt10224912/?ref_=adv_li_tt,2019,tt10224912,594394,0
Presque heureuse,https://www.imdb.com/title/tt4675898/?ref_=adv_li_tt,2019,tt4675898,-,-
Trouble,https://www.imdb.com/title/tt10449452/?ref_=adv_li_tt,IV 2019,tt10449452,-,-
Instinct Animal,https://www.imdb.com/title/tt8558360/?ref_=adv_li_tt,2019,tt8558360,-,-
Kev Adams,https://www.imdb.com/title/tt14100828/?ref_=adv_li_tt,2019,tt14100828,-,-
La belle Hélène,https://www.imdb.com/title/tt11525812/?ref_=adv_li_tt,2019,tt11525812,-,-
La Maquisarde,https://www.imdb.com/title/tt11064502/?ref_=adv_li_tt,2019,tt11064502,673226,0
Dans la matinée,https://www.imdb.com/title/tt10055876/?ref_=adv_li_tt,2019,tt10055876,645216,0
Las Cenas de l'Immortèla,https://www.imdb.com/title/tt10578332/?ref_=adv_li_tt,2019,tt10578332,-,-
Curious Straight,https://www.imdb.com/title/tt10334034/?ref_=adv_li_tt,2019,tt10334034,766045,0
That Is Why in Paris,https://www.imdb.com/title/tt10102818/?ref_=adv_li_tt,2019,tt10102818,-,-
Mextoys,https://www.imdb.com/title/tt10415092/?ref_=adv_li_tt,2019,tt10415092,604591,0
Les malheurs d'Élodie,https://www.imdb.com/title/tt9393780/?ref_=adv_li_tt,2019,tt9393780,713264,0
Le Chant de la couleuvre,https://www.imdb.com/title/tt10429476/?ref_=adv_li_tt,2019,tt10429476,603146,0
Capital retour,https://www.imdb.com/title/tt10314990/?ref_=adv_li_tt,2019,tt10314990,593119,0
Song of Songs,https://www.imdb.com/title/tt12851390/?ref_=adv_li_tt,2019,tt12851390,-,-
Laissons les morts engloutir les morts,https://www.imdb.com/title/tt10920574/?ref_=adv_li_tt,2019,tt10920574,-,-
Soundless Dance,https://www.imdb.com/title/tt7967750/?ref_=adv_li_tt,2019,tt7967750,713242,0
Le Choix d'Ali,https://www.imdb.com/title/tt10524624/?ref_=adv_li_tt,2019,tt10524624,645214,0
Memoria,https://www.imdb.com/title/tt10063192/?ref_=adv_li_tt,III 2019,tt10063192,-,-
Encre de Chine,https://www.imdb.com/title/tt10995492/?ref_=adv_li_tt,2019,tt10995492,-,-
"Les Frenchmen, les premiers super-héros français",https://www.imdb.com/title/tt10472960/?ref_=adv_li_tt,2019,tt10472960,603156,0
La berceuse d'Elphie,https://www.imdb.com/title/tt10257148/?ref_=adv_li_tt,2019,tt10257148,648568,0
L'adieu à Moustafa,https://www.imdb.com/title/tt11193764/?ref_=adv_li_tt,2019,tt11193764,719951,0
Save Our Souls,https://www.imdb.com/title/tt12864780/?ref_=adv_li_tt,2019,tt12864780,-,-
Petit dîner entre amis,https://www.imdb.com/title/tt10912926/?ref_=adv_li_tt,2019,tt10912926,-,-
Labour Power Plant,https://www.imdb.com/title/tt9773244/?ref_=adv_li_tt,2019,tt9773244,578734,0
L'inconnu de Collegno,https://www.imdb.com/title/tt12988098/?ref_=adv_li_tt,2019,tt12988098,-,-
Falaises,https://www.imdb.com/title/tt10275980/?ref_=adv_li_tt,2019,tt10275980,713245,0
"Tickets, please!",https://www.imdb.com/title/tt17045066/?ref_=adv_li_tt,2019,tt17045066,-,-
Glisse en coeur,https://www.imdb.com/title/tt12981860/?ref_=adv_li_tt,2019,tt12981860,-,-
Monopoly,https://www.imdb.com/title/tt12299536/?ref_=adv_li_tt,2019,tt12299536,-,-
Les Lions de Cannes 2019: Les meilleures publicités au monde,https://www.imdb.com/title/tt11538110/?ref_=adv_li_tt,2019,tt11538110,-,-
The Occult Sources,https://www.imdb.com/title/tt16997990/?ref_=adv_li_tt,2019,tt16997990,-,-
The Dreamcatcher,https://www.imdb.com/title/tt15265302/?ref_=adv_li_tt,III 2019,tt15265302,-,-
Les Passions bleues,https://www.imdb.com/title/tt10560784/?ref_=adv_li_tt,2019,tt10560784,615084,0
Véolia: Pyramide Inversée,https://www.imdb.com/title/tt11845110/?ref_=adv_li_tt,2019,tt11845110,-,-
Le Fantastique Voyage de Zebrinou,https://www.imdb.com/title/tt11868788/?ref_=adv_li_tt,2019,tt11868788,-,-
Une question de conscience,https://www.imdb.com/title/tt9725118/?ref_=adv_li_tt,2019,tt9725118,-,-
Bleu Pâlebourg,https://www.imdb.com/title/tt10981458/?ref_=adv_li_tt,2019,tt10981458,631981,0
À l'année prochaine - Até para o ano,https://www.imdb.com/title/tt11269844/?ref_=adv_li_tt,2019,tt11269844,-,-
Les Acteurs De Bonne Foi,https://www.imdb.com/title/tt11316370/?ref_=adv_li_tt,2019,tt11316370,-,-
The Child of Calais,https://www.imdb.com/title/tt10439924/?ref_=adv_li_tt,2019,tt10439924,-,-
Ne rien faire (ou comment dire non),https://www.imdb.com/title/tt13891084/?ref_=adv_li_tt,2019,tt13891084,-,-
La Femme qui pleure dans les Nuages,https://www.imdb.com/title/tt12506972/?ref_=adv_li_tt,2019,tt12506972,-,-
Ary Abittan: My Story,https://www.imdb.com/title/tt13261604/?ref_=adv_li_tt,2019,tt13261604,655912,0
Le choix de Marjorie (Marjorie's choice),https://www.imdb.com/title/tt13106106/?ref_=adv_li_tt,2019,tt13106106,-,-
Quelques haïkus et autres poèmes brefs ou lents,https://www.imdb.com/title/tt13889264/?ref_=adv_li_tt,2019,tt13889264,-,-
Microgravity,https://www.imdb.com/title/tt12838834/?ref_=adv_li_tt,2019,tt12838834,-,-
Le roi d'ici,https://www.imdb.com/title/tt9564748/?ref_=adv_li_tt,2019,tt9564748,637597,0
CPE - C'est Pas Évident,https://www.imdb.com/title/tt13136662/?ref_=adv_li_tt,2019,tt13136662,-,-
Citizen Europe,https://www.imdb.com/title/tt12036042/?ref_=adv_li_tt,2019,tt12036042,710488,0
La peau sur les maux,https://www.imdb.com/title/tt6138634/?ref_=adv_li_tt,2019,tt6138634,578502,0
Nimes vs Nantes,https://www.imdb.com/title/tt13550670/?ref_=adv_li_tt,2019,tt13550670,-,-
Giselle,https://www.imdb.com/title/tt13631330/?ref_=adv_li_tt,2019,tt13631330,-,-
Nimes vs St Etienne,https://www.imdb.com/title/tt13550654/?ref_=adv_li_tt,2019,tt13550654,-,-
Les Fourberies Du Sapin (Stageplay),https://www.imdb.com/title/tt11394122/?ref_=adv_li_tt,2019,tt11394122,-,-
Nimes vs Lyon,https://www.imdb.com/title/tt13550674/?ref_=adv_li_tt,2019,tt13550674,-,-
La Vie au Temps des Mousquetaires,https://www.imdb.com/title/tt12834102/?ref_=adv_li_tt,2019,tt12834102,677069,0
Strasbourg vs Nimes,https://www.imdb.com/title/tt13550662/?ref_=adv_li_tt,2019,tt13550662,-,-
"Tous en scène, L'aventure de la jeune symphonie de l'Aisne",https://www.imdb.com/title/tt14735548/?ref_=adv_li_tt,2019,tt14735548,-,-
La mer du milieu,https://www.imdb.com/title/tt11761116/?ref_=adv_li_tt,2019,tt11761116,621784,0
Le Médecin des Pauvres,https://www.imdb.com/title/tt12974266/?ref_=adv_li_tt,2019,tt12974266,-,-
Le Souvenir des Années,https://www.imdb.com/title/tt11455192/?ref_=adv_li_tt,2019,tt11455192,645250,0
Mignonnes,https://www.imdb.com/title/tt9196192/?ref_=adv_li_tt,2020,tt9196192,582885,0
Aline,https://www.imdb.com/title/tt9735462/?ref_=adv_li_tt,2020,tt9735462,498402,0
Été 85,https://www.imdb.com/title/tt10457128/?ref_=adv_li_tt,2020,tt10457128,659959,6900000
BAC Nord,https://www.imdb.com/title/tt10404944/?ref_=adv_li_tt,2020,tt10404944,637534,14479740
Resistance,https://www.imdb.com/title/tt6914122/?ref_=adv_li_tt,2020,tt6914122,491926,0
Méandre,https://www.imdb.com/title/tt5752192/?ref_=adv_li_tt,2020,tt5752192,523936,0
Slalom,https://www.imdb.com/title/tt9697780/?ref_=adv_li_tt,2020,tt9697780,585744,860000
Bronx,https://www.imdb.com/title/tt10127684/?ref_=adv_li_tt,2020,tt10127684,671039,0
L'Homme qui a vendu sa peau,https://www.imdb.com/title/tt10360862/?ref_=adv_li_tt,2020,tt10360862,669363,0
A Perfect Enemy,https://www.imdb.com/title/tt9421200/?ref_=adv_li_tt,2020,tt9421200,655917,0
Comment je suis devenu super-héros,https://www.imdb.com/title/tt10345590/?ref_=adv_li_tt,2020,tt10345590,641501,18000000
Le dernier voyage de Paul W.R,https://www.imdb.com/title/tt6435934/?ref_=adv_li_tt,2020,tt6435934,754765,0
Gagarine,https://www.imdb.com/title/tt12444424/?ref_=adv_li_tt,2020,tt12444424,712178,0
Un triomphe,https://www.imdb.com/title/tt12444440/?ref_=adv_li_tt,2020,tt12444440,712152,0
Adieu les cons,https://www.imdb.com/title/tt10196398/?ref_=adv_li_tt,2020,tt10196398,651881,9700000
Erotic,https://www.imdb.com/title/tt11416882/?ref_=adv_li_tt,2020,tt11416882,-,-
Médecin de nuit,https://www.imdb.com/title/tt11967116/?ref_=adv_li_tt,2020,tt11967116,712124,0
Sous le ciel d'Alice,https://www.imdb.com/title/tt11952238/?ref_=adv_li_tt,2020,tt11952238,712345,0
Police,https://www.imdb.com/title/tt9850344/?ref_=adv_li_tt,2020,tt9850344,660330,0
Passion simple,https://www.imdb.com/title/tt10023172/?ref_=adv_li_tt,2020,tt10023172,526811,0
Mandibules,https://www.imdb.com/title/tt10375106/?ref_=adv_li_tt,2020,tt10375106,638965,4900000
La nuée,https://www.imdb.com/title/tt10675724/?ref_=adv_li_tt,2020,tt10675724,661930,0
Balle Perdue,https://www.imdb.com/title/tt10456740/?ref_=adv_li_tt,2020,tt10456740,706503,0
Kandisha,https://www.imdb.com/title/tt11058930/?ref_=adv_li_tt,2020,tt11058930,-,-
Cigare au miel,https://www.imdb.com/title/tt11892046/?ref_=adv_li_tt,2020,tt11892046,661932,0
Le goût du vin,https://www.imdb.com/title/tt9261218/?ref_=adv_li_tt,2020,tt9261218,660609,0
Le discours,https://www.imdb.com/title/tt12105554/?ref_=adv_li_tt,2020,tt12105554,712150,0
"Les choses qu'on dit, les choses qu'on fait",https://www.imdb.com/title/tt12443930/?ref_=adv_li_tt,2020,tt12443930,661935,0
Les 2 Alfred,https://www.imdb.com/title/tt12078024/?ref_=adv_li_tt,2020,tt12078024,665387,0
"Une nuit, à travers champs",https://www.imdb.com/title/tt11970970/?ref_=adv_li_tt,2020,tt11970970,465820,155790
La daronne,https://www.imdb.com/title/tt9288726/?ref_=adv_li_tt,2020,tt9288726,575463,5080800
Teddy,https://www.imdb.com/title/tt10469804/?ref_=adv_li_tt,2020,tt10469804,712123,0
De Gaulle,https://www.imdb.com/title/tt10880402/?ref_=adv_li_tt,2020,tt10880402,661804,0
L'origine du monde,https://www.imdb.com/title/tt10551904/?ref_=adv_li_tt,2020,tt10551904,615684,0
Amants,https://www.imdb.com/title/tt9800670/?ref_=adv_li_tt,2020,tt9800670,594691,0
Antoinette dans les Cévennes,https://www.imdb.com/title/tt11013434/?ref_=adv_li_tt,2020,tt11013434,669664,0
La nuit des rois,https://www.imdb.com/title/tt8132778/?ref_=adv_li_tt,2020,tt8132778,660958,0
5ème set,https://www.imdb.com/title/tt11032810/?ref_=adv_li_tt,2020,tt11032810,742391,0
Une Sirène à Paris,https://www.imdb.com/title/tt9209312/?ref_=adv_li_tt,2020,tt9209312,600479,0
La bonne épouse,https://www.imdb.com/title/tt10441958/?ref_=adv_li_tt,2020,tt10441958,575291,0
À l'abordage,https://www.imdb.com/title/tt11068166/?ref_=adv_li_tt,2020,tt11068166,665753,0
Seize printemps,https://www.imdb.com/title/tt12444426/?ref_=adv_li_tt,2020,tt12444426,712134,0
Josep,https://www.imdb.com/title/tt10534996/?ref_=adv_li_tt,2020,tt10534996,680952,0
ADN,https://www.imdb.com/title/tt7600716/?ref_=adv_li_tt,2020,tt7600716,664177,0
Tout nous sourit,https://www.imdb.com/title/tt10143308/?ref_=adv_li_tt,2020,tt10143308,676623,0
Jumbo,https://www.imdb.com/title/tt6818118/?ref_=adv_li_tt,2020,tt6818118,510631,0
La terre et le sang,https://www.imdb.com/title/tt10092752/?ref_=adv_li_tt,2020,tt10092752,659067,0
Le mariage de Rosa,https://www.imdb.com/title/tt10077544/?ref_=adv_li_tt,2020,tt10077544,679888,0
Rouge,https://www.imdb.com/title/tt12444642/?ref_=adv_li_tt,2020,tt12444642,712120,0
Zaï Zaï Zaï Zaï,https://www.imdb.com/title/tt11557872/?ref_=adv_li_tt,2020,tt11557872,-,-
Le prince oublié,https://www.imdb.com/title/tt8335482/?ref_=adv_li_tt,2020,tt8335482,520725,0
Sous les étoiles de Paris,https://www.imdb.com/title/tt11188734/?ref_=adv_li_tt,2020,tt11188734,575293,0
Tout simplement noir,https://www.imdb.com/title/tt10426916/?ref_=adv_li_tt,2020,tt10426916,679989,0
The Only One,https://www.imdb.com/title/tt8689270/?ref_=adv_li_tt,2020,tt8689270,749968,0
Divorce Club,https://www.imdb.com/title/tt9303772/?ref_=adv_li_tt,2020,tt9303772,665488,9466480
Le bonheur des uns...,https://www.imdb.com/title/tt10334410/?ref_=adv_li_tt,2020,tt10334410,-,-
Malmkrog,https://www.imdb.com/title/tt10213380/?ref_=adv_li_tt,2020,tt10213380,575448,0
Garçon chiffon,https://www.imdb.com/title/tt11093134/?ref_=adv_li_tt,2020,tt11093134,661229,0
A Good Man,https://www.imdb.com/title/tt12443756/?ref_=adv_li_tt,2020,tt12443756,712113,0
C'est la vie,https://www.imdb.com/title/tt9162090/?ref_=adv_li_tt,2020,tt9162090,554375,0
10 jours sans maman,https://www.imdb.com/title/tt10251538/?ref_=adv_li_tt,2020,tt10251538,605735,0
Belle fille,https://www.imdb.com/title/tt10965792/?ref_=adv_li_tt,2020,tt10965792,647745,4327440
Le sens de la famille,https://www.imdb.com/title/tt10366428/?ref_=adv_li_tt,2020,tt10366428,606236,0
La fine fleur,https://www.imdb.com/title/tt11190652/?ref_=adv_li_tt,2020,tt11190652,716920,0
Des hommes,https://www.imdb.com/title/tt10307922/?ref_=adv_li_tt,2020,tt10307922,660004,0
"Calamity, une enfance de Martha Jane Cannary",https://www.imdb.com/title/tt9719864/?ref_=adv_li_tt,2020,tt9719864,587311,0
Effacer l'historique,https://www.imdb.com/title/tt10627352/?ref_=adv_li_tt,2020,tt10627352,659699,0
Le lion,https://www.imdb.com/title/tt9908390/?ref_=adv_li_tt,2020,tt9908390,589970,0
Les apparences,https://www.imdb.com/title/tt9675786/?ref_=adv_li_tt,2020,tt9675786,659983,0
Sœurs,https://www.imdb.com/title/tt8832052/?ref_=adv_li_tt,2020,tt8832052,582884,0
Miss,https://www.imdb.com/title/tt10123698/?ref_=adv_li_tt,2020,tt10123698,611751,0
Terrible Jungle,https://www.imdb.com/title/tt10366254/?ref_=adv_li_tt,2020,tt10366254,720272,0
Profession du père,https://www.imdb.com/title/tt10590506/?ref_=adv_li_tt,2020,tt10590506,749087,0
Si le vent tombe,https://www.imdb.com/title/tt11681310/?ref_=adv_li_tt,2020,tt11681310,592777,0
"Yakari, le film",https://www.imdb.com/title/tt11125636/?ref_=adv_li_tt,2020,tt11125636,670497,0
30 jours max,https://www.imdb.com/title/tt11206302/?ref_=adv_li_tt,2020,tt11206302,613377,13000000
Forte,https://www.imdb.com/title/tt9372172/?ref_=adv_li_tt,2020,tt9372172,613368,0
Petit vampire,https://www.imdb.com/title/tt7534136/?ref_=adv_li_tt,2020,tt7534136,589972,0
Petit pays,https://www.imdb.com/title/tt9665968/?ref_=adv_li_tt,2020,tt9665968,611808,0
L'ennemi,https://www.imdb.com/title/tt8493970/?ref_=adv_li_tt,2020,tt8493970,-,-
Filles de joie,https://www.imdb.com/title/tt11018402/?ref_=adv_li_tt,2020,tt11018402,584355,0
Chacun chez soi,https://www.imdb.com/title/tt11013468/?ref_=adv_li_tt,2020,tt11013468,613583,8116935
Le sel des larmes,https://www.imdb.com/title/tt10132976/?ref_=adv_li_tt,2020,tt10132976,574094,0
7 minutes,https://www.imdb.com/title/tt11897082/?ref_=adv_li_tt,2020,tt11897082,680481,0
The Male Gaze: Strikers & Defenders,https://www.imdb.com/title/tt12784260/?ref_=adv_li_tt,2020,tt12784260,728102,100000
L'aventure des Marguerite,https://www.imdb.com/title/tt10369344/?ref_=adv_li_tt,2020,tt10369344,671041,0
L'étreinte,https://www.imdb.com/title/tt10868508/?ref_=adv_li_tt,2020,tt10868508,660949,0
Mon cousin,https://www.imdb.com/title/tt10023150/?ref_=adv_li_tt,2020,tt10023150,601297,10854516
De l'or pour les chiens,https://www.imdb.com/title/tt11826862/?ref_=adv_li_tt,2020,tt11826862,508479,0
The Male Gaze: The Boy Is Mine,https://www.imdb.com/title/tt13618016/?ref_=adv_li_tt,2020,tt13618016,775080,0
Brutus vs César,https://www.imdb.com/title/tt10557524/?ref_=adv_li_tt,2020,tt10557524,613370,5000000
Vaurien,https://www.imdb.com/title/tt12444430/?ref_=adv_li_tt,2020,tt12444430,712137,0
De nos frères blessés,https://www.imdb.com/title/tt9731172/?ref_=adv_li_tt,2020,tt9731172,-,-
Voir le jour,https://www.imdb.com/title/tt11154574/?ref_=adv_li_tt,2020,tt11154574,653775,0
Ibrahim,https://www.imdb.com/title/tt12444636/?ref_=adv_li_tt,2020,tt12444636,712158,0
Poly,https://www.imdb.com/title/tt11060092/?ref_=adv_li_tt,2020,tt11060092,659943,0
Éléonore,https://www.imdb.com/title/tt8881530/?ref_=adv_li_tt,2020,tt8881530,547523,0
Sol,https://www.imdb.com/title/tt11281142/?ref_=adv_li_tt,2020,tt11281142,613339,0
Villa Caprice,https://www.imdb.com/title/tt10019108/?ref_=adv_li_tt,2020,tt10019108,745589,0
The Bastard King,https://www.imdb.com/title/tt12275248/?ref_=adv_li_tt,2020,tt12275248,-,-
Des feux dans la nuit,https://www.imdb.com/title/tt11058214/?ref_=adv_li_tt,2020,tt11058214,735333,0
Messe basse,https://www.imdb.com/title/tt11422136/?ref_=adv_li_tt,2020,tt11422136,783572,0
Parents d'élèves,https://www.imdb.com/title/tt10638582/?ref_=adv_li_tt,2020,tt10638582,738231,0
L'autre,https://www.imdb.com/title/tt10098442/?ref_=adv_li_tt,2020,tt10098442,629994,0
L'enfant rêvé,https://www.imdb.com/title/tt11229766/?ref_=adv_li_tt,2020,tt11229766,741110,0
Louloute,https://www.imdb.com/title/tt13303648/?ref_=adv_li_tt,2020,tt13303648,745980,0
T'as pécho?,https://www.imdb.com/title/tt12633744/?ref_=adv_li_tt,2020,tt12633744,711321,0
Felicità,https://www.imdb.com/title/tt9894450/?ref_=adv_li_tt,2020,tt9894450,667071,0
Ducobu 3,https://www.imdb.com/title/tt10658928/?ref_=adv_li_tt,2020,tt10658928,605733,0
Nora,https://www.imdb.com/title/tt11123392/?ref_=adv_li_tt,2020,tt11123392,744993,0
La troisième guerre,https://www.imdb.com/title/tt12792532/?ref_=adv_li_tt,2020,tt12792532,728132,0
La pièce rapportée,https://www.imdb.com/title/tt11006570/?ref_=adv_li_tt,2020,tt11006570,660955,0
La terre des hommes,https://www.imdb.com/title/tt12440750/?ref_=adv_li_tt,2020,tt12440750,714017,0
Los Europeos,https://www.imdb.com/title/tt6681678/?ref_=adv_li_tt,2020,tt6681678,737411,0
Tendre et saignant,https://www.imdb.com/title/tt13353386/?ref_=adv_li_tt,2020,tt13353386,-,-
Papi-Sitter,https://www.imdb.com/title/tt10746876/?ref_=adv_li_tt,2020,tt10746876,613367,0
Grand ciel,https://www.imdb.com/title/tt10715108/?ref_=adv_li_tt,2020,tt10715108,-,-
Radio nuit Paris,https://www.imdb.com/title/tt7780996/?ref_=adv_li_tt,2020,tt7780996,-,-
Adorables,https://www.imdb.com/title/tt7438706/?ref_=adv_li_tt,2020,tt7438706,701437,0
Lucky,https://www.imdb.com/title/tt10966156/?ref_=adv_li_tt,2020,tt10966156,658156,0
Blackout,https://www.imdb.com/title/tt13632748/?ref_=adv_li_tt,VI 2020,tt13632748,-,-
Trop d'amour,https://www.imdb.com/title/tt13150550/?ref_=adv_li_tt,2020,tt13150550,747790,0
Mica,https://www.imdb.com/title/tt10676134/?ref_=adv_li_tt,2020,tt10676134,655168,0
Des vacances à tout prix,https://www.imdb.com/title/tt12976342/?ref_=adv_li_tt,2020,tt12976342,-,-
Anatomy of an Antihero: Redemption,https://www.imdb.com/title/tt11736000/?ref_=adv_li_tt,2020,tt11736000,737473,0
Les cobayes,https://www.imdb.com/title/tt11179020/?ref_=adv_li_tt,2020,tt11179020,737413,0
Les Blagues de Toto,https://www.imdb.com/title/tt10233406/?ref_=adv_li_tt,2020,tt10233406,671047,6438600
Les graines que l'on sème,https://www.imdb.com/title/tt12545578/?ref_=adv_li_tt,2020,tt12545578,718094,0
New Queer Visions: Right Beside You,https://www.imdb.com/title/tt12961792/?ref_=adv_li_tt,2020,tt12961792,735528,0
L'été nucléaire,https://www.imdb.com/title/tt13259672/?ref_=adv_li_tt,2020,tt13259672,717670,0
Boutchou,https://www.imdb.com/title/tt9861288/?ref_=adv_li_tt,2020,tt9861288,734438,0
Les Mystères De L'amour,https://www.imdb.com/title/tt11949822/?ref_=adv_li_tt,2020,tt11949822,-,-
Connectés,https://www.imdb.com/title/tt12734582/?ref_=adv_li_tt,2020,tt12734582,753756,0
Un monde ailleurs,https://www.imdb.com/title/tt4043530/?ref_=adv_li_tt,2020,tt4043530,741405,0
Troubles,https://www.imdb.com/title/tt11231150/?ref_=adv_li_tt,2020,tt11231150,710596,0
Music Hole,https://www.imdb.com/title/tt9629114/?ref_=adv_li_tt,2020,tt9629114,740076,0
À la folie,https://www.imdb.com/title/tt13286974/?ref_=adv_li_tt,2020,tt13286974,723121,0
Hors du monde,https://www.imdb.com/title/tt12128038/?ref_=adv_li_tt,2020,tt12128038,-,-
Blondie Maxwell ne perd jamais,https://www.imdb.com/title/tt8464600/?ref_=adv_li_tt,2020,tt8464600,728406,0
Mine de rien,https://www.imdb.com/title/tt9568486/?ref_=adv_li_tt,2020,tt9568486,613362,0
Si demain,https://www.imdb.com/title/tt12313444/?ref_=adv_li_tt,2020,tt12313444,783568,0
Chien Pourri à Paris,https://www.imdb.com/title/tt11225360/?ref_=adv_li_tt,2020,tt11225360,700066,0
Sous le béton,https://www.imdb.com/title/tt8991318/?ref_=adv_li_tt,2020,tt8991318,745982,0
Lazare,https://www.imdb.com/title/tt9720690/?ref_=adv_li_tt,2020,tt9720690,591021,0
J'irai mourir dans les Carpates,https://www.imdb.com/title/tt11508096/?ref_=adv_li_tt,2020,tt11508096,719747,300000
Walden,https://www.imdb.com/title/tt5024672/?ref_=adv_li_tt,2020,tt5024672,718091,0
Un soupçon d'amour,https://www.imdb.com/title/tt12656656/?ref_=adv_li_tt,2020,tt12656656,720769,0
Anna Rosenberg,https://www.imdb.com/title/tt11781382/?ref_=adv_li_tt,2020,tt11781382,750107,0
Dragon and Weed: Origins Season 1 Vol.1,https://www.imdb.com/title/tt5468206/?ref_=adv_li_tt,2020,tt5468206,-,-
"La Francisca, une jeunesse chilienne",https://www.imdb.com/title/tt8629728/?ref_=adv_li_tt,2020,tt8629728,-,-
Phénix,https://www.imdb.com/title/tt7965254/?ref_=adv_li_tt,2020,tt7965254,697417,0
Tous flics!,https://www.imdb.com/title/tt10372626/?ref_=adv_li_tt,2020,tt10372626,-,-
419,https://www.imdb.com/title/tt3259348/?ref_=adv_li_tt,2020,tt3259348,-,-
Une barque sur l'océan,https://www.imdb.com/title/tt9659926/?ref_=adv_li_tt,2020,tt9659926,678454,0
An Horror Anthology,https://www.imdb.com/title/tt12908634/?ref_=adv_li_tt,2020,tt12908634,-,-
L'oiseau de paradis,https://www.imdb.com/title/tt10081788/?ref_=adv_li_tt,2020,tt10081788,689619,0
Liminal,https://www.imdb.com/title/tt14095498/?ref_=adv_li_tt,IV 2020,tt14095498,728334,0
Un Musée Dort,https://www.imdb.com/title/tt14211238/?ref_=adv_li_tt,2020,tt14211238,782263,0
Offenders,https://www.imdb.com/title/tt7563832/?ref_=adv_li_tt,2020,tt7563832,-,-
Pourquoi Je Vis,https://www.imdb.com/title/tt13049308/?ref_=adv_li_tt,2020,tt13049308,727862,0
Les Mélancolies de Sade,https://www.imdb.com/title/tt11687418/?ref_=adv_li_tt,2020,tt11687418,656577,0
French Blood: Mr. Pig,https://www.imdb.com/title/tt13612648/?ref_=adv_li_tt,2020,tt13612648,688146,0
Zonama,https://www.imdb.com/title/tt13314762/?ref_=adv_li_tt,2020,tt13314762,-,-
Nosferatu.com,https://www.imdb.com/title/tt11726342/?ref_=adv_li_tt,2020,tt11726342,-,-
Fantasme,https://www.imdb.com/title/tt13740912/?ref_=adv_li_tt,2020,tt13740912,780836,0
Le Soleil Reviendra,https://www.imdb.com/title/tt11261700/?ref_=adv_li_tt,2020,tt11261700,741394,0
RE-BECCA,https://www.imdb.com/title/tt7690718/?ref_=adv_li_tt,2020,tt7690718,-,-
Merci pour les cles,https://www.imdb.com/title/tt8473800/?ref_=adv_li_tt,2020,tt8473800,-,-
Arbite Macht Frei,https://www.imdb.com/title/tt5606902/?ref_=adv_li_tt,2020,tt5606902,-,-
Basta Capital,https://www.imdb.com/title/tt8063132/?ref_=adv_li_tt,2020,tt8063132,641704,0
Nana et les filles du bord de mer,https://www.imdb.com/title/tt12828136/?ref_=adv_li_tt,2020,tt12828136,722810,0
The Odyssey of a Treasure: Priam's Gold,https://www.imdb.com/title/tt12245868/?ref_=adv_li_tt,2020,tt12245868,-,-
Goodbye Mister Wong,https://www.imdb.com/title/tt14219692/?ref_=adv_li_tt,2020,tt14219692,-,-
Par Un Regard - Chapitre 3,https://www.imdb.com/title/tt14190476/?ref_=adv_li_tt,2020,tt14190476,-,-
After the Crossing,https://www.imdb.com/title/tt11803676/?ref_=adv_li_tt,2020,tt11803676,-,-
La rupture,https://www.imdb.com/title/tt12347774/?ref_=adv_li_tt,2020,tt12347774,761477,0
Impionçable,https://www.imdb.com/title/tt13059804/?ref_=adv_li_tt,2020,tt13059804,748094,500
La Femme aux Chaussures Leopard,https://www.imdb.com/title/tt13314518/?ref_=adv_li_tt,2020,tt13314518,758906,0
Le Magasin de solitude,https://www.imdb.com/title/tt10607172/?ref_=adv_li_tt,2020,tt10607172,828666,0
A coeur battant,https://www.imdb.com/title/tt8156898/?ref_=adv_li_tt,2020,tt8156898,-,-
Rendez-vous avec/with Alain Delon,https://www.imdb.com/title/tt13465594/?ref_=adv_li_tt,2020,tt13465594,-,-
Elle nous regarde,https://www.imdb.com/title/tt13393762/?ref_=adv_li_tt,2020,tt13393762,-,-
L'affaire Marvin,https://www.imdb.com/title/tt8254452/?ref_=adv_li_tt,2020,tt8254452,656554,0
Fille du vent,https://www.imdb.com/title/tt10176944/?ref_=adv_li_tt,2020,tt10176944,656560,0
Amour-Eux,https://www.imdb.com/title/tt7795112/?ref_=adv_li_tt,2020,tt7795112,566953,0
The Disconnected (Déconnectés),https://www.imdb.com/title/tt13407244/?ref_=adv_li_tt,2020,tt13407244,-,-
Terminus,https://www.imdb.com/title/tt4985526/?ref_=adv_li_tt,2020,tt4985526,-,-
Eva voudrait,https://www.imdb.com/title/tt12205746/?ref_=adv_li_tt,2020,tt12205746,799625,0
Derrière le paravent,https://www.imdb.com/title/tt13567080/?ref_=adv_li_tt,2020,tt13567080,-,-
Michael,https://www.imdb.com/title/tt11338498/?ref_=adv_li_tt,2020,tt11338498,-,-
Le Fils d'un Roi,https://www.imdb.com/title/tt11525436/?ref_=adv_li_tt,2020,tt11525436,664722,0
"Moi, Léa",https://www.imdb.com/title/tt14177362/?ref_=adv_li_tt,2020,tt14177362,-,-
Bibliothèque rose,https://www.imdb.com/title/tt11448266/?ref_=adv_li_tt,2020,tt11448266,760817,0
Gautier Capuçon: Un été en France,https://www.imdb.com/title/tt14077958/?ref_=adv_li_tt,2020,tt14077958,-,-
The Beauty on my Knees,https://www.imdb.com/title/tt7592278/?ref_=adv_li_tt,2020,tt7592278,-,-
Les fourberies de Scapin,https://www.imdb.com/title/tt11448622/?ref_=adv_li_tt,2020,tt11448622,-,-
Stardust,https://www.imdb.com/title/tt12072700/?ref_=adv_li_tt,III 2020,tt12072700,710583,0
Une Fin Dans La Nuit,https://www.imdb.com/title/tt15235110/?ref_=adv_li_tt,2020,tt15235110,-,-
French Blood 2 - Mr. Rabbit,https://www.imdb.com/title/tt14345242/?ref_=adv_li_tt,2020,tt14345242,-,-
"La colombe, le loup et les 2 blaireaux",https://www.imdb.com/title/tt12049354/?ref_=adv_li_tt,2020,tt12049354,-,-
La Méthode Beddington,https://www.imdb.com/title/tt4471042/?ref_=adv_li_tt,2020,tt4471042,-,-
Lopes... Tacle! (One-man Show),https://www.imdb.com/title/tt11838458/?ref_=adv_li_tt,2020,tt11838458,-,-
"Eurídice, là-bas...",https://www.imdb.com/title/tt15204094/?ref_=adv_li_tt,2020,tt15204094,-,-
Bas Choeur,https://www.imdb.com/title/tt13896784/?ref_=adv_li_tt,2020,tt13896784,891254,0
"Goering, l'homme de fer",https://www.imdb.com/title/tt13133434/?ref_=adv_li_tt,2020,tt13133434,745372,0
#Franglais,https://www.imdb.com/title/tt13940664/?ref_=adv_li_tt,2020,tt13940664,-,-
L'appel de l'océan,https://www.imdb.com/title/tt11799094/?ref_=adv_li_tt,2020,tt11799094,-,-
Les Délivrés,https://www.imdb.com/title/tt16965058/?ref_=adv_li_tt,2020,tt16965058,-,-
Tom Lambert,https://www.imdb.com/title/tt13756090/?ref_=adv_li_tt,2020,tt13756090,-,-
Malik Bentalha: Encore,https://www.imdb.com/title/tt14426518/?ref_=adv_li_tt,2020,tt14426518,-,-
HaYaar,https://www.imdb.com/title/tt14797014/?ref_=adv_li_tt,2020,tt14797014,-,-
Les fantômes du sanatorium,https://www.imdb.com/title/tt14325500/?ref_=adv_li_tt,2020,tt14325500,-,-
La cellule,https://www.imdb.com/title/tt13661204/?ref_=adv_li_tt,2020,tt13661204,743030,0
Desgraçados,https://www.imdb.com/title/tt12458482/?ref_=adv_li_tt,2020,tt12458482,-,-
20 ans après! (Stageplay),https://www.imdb.com/title/tt11639562/?ref_=adv_li_tt,2020,tt11639562,-,-
French Blood 3 - Mr. Frog,https://www.imdb.com/title/tt14345402/?ref_=adv_li_tt,2020,tt14345402,-,-
À l'ombre de l'Histoire,https://www.imdb.com/title/tt12386314/?ref_=adv_li_tt,2020,tt12386314,-,-
Emâ,https://www.imdb.com/title/tt13023100/?ref_=adv_li_tt,2020,tt13023100,-,-
Aland,https://www.imdb.com/title/tt8283360/?ref_=adv_li_tt,2020,tt8283360,607102,0
Les Silencieuses,https://www.imdb.com/title/tt14700694/?ref_=adv_li_tt,2020,tt14700694,-,-
A quoi rêvent les montagnes?,https://www.imdb.com/title/tt12509388/?ref_=adv_li_tt,2020,tt12509388,665858,0
We Are the End of the World,https://www.imdb.com/title/tt15458794/?ref_=adv_li_tt,2020,tt15458794,-,-
Souviens-toi ici par la fenêtre,https://www.imdb.com/title/tt12772718/?ref_=adv_li_tt,2020,tt12772718,-,-
Léo,https://www.imdb.com/title/tt12182602/?ref_=adv_li_tt,2020,tt12182602,-,-
Opération Phoenix,https://www.imdb.com/title/tt10834518/?ref_=adv_li_tt,2020,tt10834518,-,-
Si j'étais fermier,https://www.imdb.com/title/tt10853988/?ref_=adv_li_tt,2020,tt10853988,-,-
Correspondance Mélodrame,https://www.imdb.com/title/tt11605872/?ref_=adv_li_tt,2020,tt11605872,-,-
Edahlion: Le Royaume Orphelin,https://www.imdb.com/title/tt10563658/?ref_=adv_li_tt,2020,tt10563658,-,-
Les Ombres mystérieuses des Fantômes disparus,https://www.imdb.com/title/tt12509410/?ref_=adv_li_tt,2020,tt12509410,689861,0
Synesthesia (proof of concept),https://www.imdb.com/title/tt12683840/?ref_=adv_li_tt,2020,tt12683840,-,-
Scream Birds - Attack of Nuclear Pigeons,https://www.imdb.com/title/tt10489608/?ref_=adv_li_tt,2020,tt10489608,-,-
Phénomènes Inexplicables: Cold Tapes,https://www.imdb.com/title/tt13129482/?ref_=adv_li_tt,2020,tt13129482,-,-
El teorema de Mosner,https://www.imdb.com/title/tt12271820/?ref_=adv_li_tt,2020,tt12271820,809235,0
Un Chat Rêve Du Nord,https://www.imdb.com/title/tt13988482/?ref_=adv_li_tt,2020,tt13988482,805217,0
Mystère dans le Sidobre,https://www.imdb.com/title/tt13875872/?ref_=adv_li_tt,2020,tt13875872,-,-
Criminal Countdown,https://www.imdb.com/title/tt12065892/?ref_=adv_li_tt,2020,tt12065892,-,-
Tamino à l'Olympia de Paris 2019,https://www.imdb.com/title/tt13964508/?ref_=adv_li_tt,2020,tt13964508,-,-
Localisé(s),https://www.imdb.com/title/tt11346952/?ref_=adv_li_tt,2020,tt11346952,710550,0
Piratage 2.0,https://www.imdb.com/title/tt15796698/?ref_=adv_li_tt,2020,tt15796698,-,-
Des gens passent et j'en oublie,https://www.imdb.com/title/tt11687506/?ref_=adv_li_tt,2020,tt11687506,656575,0
Celle Qui Manque,https://www.imdb.com/title/tt13988756/?ref_=adv_li_tt,2020,tt13988756,-,-
Fantômes du passé (comment l'histoire est entrée en moi),https://www.imdb.com/title/tt13672642/?ref_=adv_li_tt,2020,tt13672642,-,-
"Lomepal, un concert au cinéma",https://www.imdb.com/title/tt11483214/?ref_=adv_li_tt,2020,tt11483214,-,-
Ignis,https://www.imdb.com/title/tt12509432/?ref_=adv_li_tt,2020,tt12509432,720431,0
Uncut Rage,https://www.imdb.com/title/tt13016978/?ref_=adv_li_tt,2020,tt13016978,754846,0
Voyage en Kabylie,https://www.imdb.com/title/tt12580376/?ref_=adv_li_tt,2020,tt12580376,710133,0
En attendant d'être un homme (Stageplay),https://www.imdb.com/title/tt11871862/?ref_=adv_li_tt,2020,tt11871862,-,-
Rendez-vous avec/with Zhang Ziyi,https://www.imdb.com/title/tt13465604/?ref_=adv_li_tt,2020,tt13465604,-,-
Amor Omnia,https://www.imdb.com/title/tt14440262/?ref_=adv_li_tt,2020,tt14440262,-,-
"Ado un jour, à dos toujours (Stageplay)",https://www.imdb.com/title/tt11865200/?ref_=adv_li_tt,2020,tt11865200,-,-
Eurokéennes 2003,https://www.imdb.com/title/tt12792274/?ref_=adv_li_tt,2020,tt12792274,-,-
Fario,https://www.imdb.com/title/tt13209868/?ref_=adv_li_tt,2020,tt13209868,-,-
Klon: West,https://www.imdb.com/title/tt13970780/?ref_=adv_li_tt,2020,tt13970780,-,-
F.F.I. contre Zombies,https://www.imdb.com/title/tt12140058/?ref_=adv_li_tt,2020,tt12140058,-,-
Brest vs St Etienne,https://www.imdb.com/title/tt13550644/?ref_=adv_li_tt,2020,tt13550644,-,-
Les 3 Voeux,https://www.imdb.com/title/tt14433844/?ref_=adv_li_tt,2020,tt14433844,-,-
Franck Dubosc: Fifty - Fifty,https://www.imdb.com/title/tt18266570/?ref_=adv_li_tt,2020,tt18266570,-,-
Benedetta,https://www.imdb.com/title/tt6823148/?ref_=adv_li_tt,2021,tt6823148,454527,24350000
Titane,https://www.imdb.com/title/tt10944760/?ref_=adv_li_tt,2021,tt10944760,630240,6600000
Petite maman,https://www.imdb.com/title/tt13204490/?ref_=adv_li_tt,2021,tt13204490,749004,3100000
Les Olympiades,https://www.imdb.com/title/tt12708658/?ref_=adv_li_tt,2021,tt12708658,746131,0
Boîte noire,https://www.imdb.com/title/tt10341034/?ref_=adv_li_tt,2021,tt10341034,663260,10722240
Eiffel,https://www.imdb.com/title/tt10366514/?ref_=adv_li_tt,2021,tt10366514,655082,26000000
Le loup et le lion,https://www.imdb.com/title/tt10945288/?ref_=adv_li_tt,2021,tt10945288,-,-
Vortex,https://www.imdb.com/title/tt14821150/?ref_=adv_li_tt,2021,tt14821150,807070,0
L'événement,https://www.imdb.com/title/tt13880104/?ref_=adv_li_tt,2021,tt13880104,793998,0
L'histoire de ma femme,https://www.imdb.com/title/tt8205028/?ref_=adv_li_tt,2021,tt8205028,574078,10000000
Bergman Island,https://www.imdb.com/title/tt6910282/?ref_=adv_li_tt,2021,tt6910282,477044,0
Oxygène,https://www.imdb.com/title/tt6341832/?ref_=adv_li_tt,2021,tt6341832,471498,0
Illusions perdues,https://www.imdb.com/title/tt10505316/?ref_=adv_li_tt,2021,tt10505316,660000,20800000
Le Bal des Folles,https://www.imdb.com/title/tt11681282/?ref_=adv_li_tt,2021,tt11681282,680531,0
Lingui,https://www.imdb.com/title/tt13846546/?ref_=adv_li_tt,2021,tt13846546,820693,0
Pil,https://www.imdb.com/title/tt15091284/?ref_=adv_li_tt,2021,tt15091284,676705,0
France,https://www.imdb.com/title/tt9714030/?ref_=adv_li_tt,2021,tt9714030,602334,0
Délicieux,https://www.imdb.com/title/tt10738536/?ref_=adv_li_tt,2021,tt10738536,745611,0
Le sommet des dieux,https://www.imdb.com/title/tt7014378/?ref_=adv_li_tt,2021,tt7014378,712454,0
Le calendrier,https://www.imdb.com/title/tt12496706/?ref_=adv_li_tt,2021,tt12496706,762079,0
Le dernier mercenaire,https://www.imdb.com/title/tt12808182/?ref_=adv_li_tt,2021,tt12808182,729720,0
Pourris gâtés,https://www.imdb.com/title/tt13079150/?ref_=adv_li_tt,2021,tt13079150,671043,0
Madame Claude,https://www.imdb.com/title/tt10307724/?ref_=adv_li_tt,2021,tt10307724,660006,0
Tromperie,https://www.imdb.com/title/tt13613056/?ref_=adv_li_tt,2021,tt13613056,774343,0
Super-héros malgré lui,https://www.imdb.com/title/tt13774454/?ref_=adv_li_tt,2021,tt13774454,-,-
8 Rue de l’Humanité,https://www.imdb.com/title/tt13834006/?ref_=adv_li_tt,2021,tt13834006,785516,0
Friendzone,https://www.imdb.com/title/tt14700948/?ref_=adv_li_tt,2021,tt14700948,869617,0
Tout s'est bien passé,https://www.imdb.com/title/tt12847812/?ref_=adv_li_tt,2021,tt12847812,735726,0
Rien à foutre,https://www.imdb.com/title/tt13482806/?ref_=adv_li_tt,2021,tt13482806,-,-
Les amours d'Anaïs,https://www.imdb.com/title/tt13142240/?ref_=adv_li_tt,2021,tt13142240,781453,0
Mystère,https://www.imdb.com/title/tt10945274/?ref_=adv_li_tt,2021,tt10945274,754067,6500000
Les Fantasmes,https://www.imdb.com/title/tt13502758/?ref_=adv_li_tt,2021,tt13502758,768127,0
Barbaque,https://www.imdb.com/title/tt12887770/?ref_=adv_li_tt,2021,tt12887770,730769,0
Olga,https://www.imdb.com/title/tt13145186/?ref_=adv_li_tt,2021,tt13145186,749142,0
Sentinelle,https://www.imdb.com/title/tt11734264/?ref_=adv_li_tt,2021,tt11734264,793723,6500000
Azor,https://www.imdb.com/title/tt11136276/?ref_=adv_li_tt,2021,tt11136276,659954,0
OSS 117: Alerte rouge en Afrique noire,https://www.imdb.com/title/tt7972012/?ref_=adv_li_tt,2021,tt7972012,-,-
Abuela,https://www.imdb.com/title/tt11807888/?ref_=adv_li_tt,2021,tt11807888,-,-
Flashback,https://www.imdb.com/title/tt14371426/?ref_=adv_li_tt,2021,tt14371426,809065,0
La fracture,https://www.imdb.com/title/tt13321730/?ref_=adv_li_tt,2021,tt13321730,764686,0
Ave Marie,https://www.imdb.com/title/tt15141632/?ref_=adv_li_tt,2021,tt15141632,-,-
En attendant Bojangles,https://www.imdb.com/title/tt11310608/?ref_=adv_li_tt,2021,tt11310608,-,-
Tokyo Shaking,https://www.imdb.com/title/tt11450972/?ref_=adv_li_tt,2021,tt11450972,785199,0
Ouistreham,https://www.imdb.com/title/tt10088984/?ref_=adv_li_tt,2021,tt10088984,-,-
De son vivant,https://www.imdb.com/title/tt11093266/?ref_=adv_li_tt,2021,tt11093266,654323,0
Un autre monde,https://www.imdb.com/title/tt15115102/?ref_=adv_li_tt,2021,tt15115102,-,-
Haters,https://www.imdb.com/title/tt14500880/?ref_=adv_li_tt,2021,tt14500880,825252,0
Kaamelott: Premier volet,https://www.imdb.com/title/tt9844322/?ref_=adv_li_tt,2021,tt9844322,577242,17516235
À plein temps,https://www.imdb.com/title/tt13269580/?ref_=adv_li_tt,2021,tt13269580,-,-
Vanishing,https://www.imdb.com/title/tt15488838/?ref_=adv_li_tt,2021,tt15488838,-,-
Le genou d'Ahed,https://www.imdb.com/title/tt12494638/?ref_=adv_li_tt,2021,tt12494638,662029,0
Adieu Monsieur Haffmann,https://www.imdb.com/title/tt10545704/?ref_=adv_li_tt,2021,tt10545704,-,-
Une histoire d'amour et de désir,https://www.imdb.com/title/tt12077970/?ref_=adv_li_tt,2021,tt12077970,820702,0
Haute couture,https://www.imdb.com/title/tt11610804/?ref_=adv_li_tt,2021,tt11610804,719463,0
Les jeunes amants,https://www.imdb.com/title/tt13462472/?ref_=adv_li_tt,2021,tt13462472,-,-
Lui,https://www.imdb.com/title/tt13002242/?ref_=adv_li_tt,2021,tt13002242,752070,0
Les intranquilles,https://www.imdb.com/title/tt11611486/?ref_=adv_li_tt,2021,tt11611486,788942,0
"Ma Belle, My Beauty",https://www.imdb.com/title/tt13157722/?ref_=adv_li_tt,2021,tt13157722,776586,0
Si on chantait,https://www.imdb.com/title/tt14017122/?ref_=adv_li_tt,2021,tt14017122,844043,0
Mystère à Saint-Tropez,https://www.imdb.com/title/tt10537660/?ref_=adv_li_tt,2021,tt10537660,611408,16438275
Petite nature,https://www.imdb.com/title/tt12322986/?ref_=adv_li_tt,2021,tt12322986,-,-
Ma nuit,https://www.imdb.com/title/tt14369304/?ref_=adv_li_tt,2021,tt14369304,-,-
Même les souris vont au paradis,https://www.imdb.com/title/tt3804810/?ref_=adv_li_tt,2021,tt3804810,588890,0
Playlist,https://www.imdb.com/title/tt11002900/?ref_=adv_li_tt,2021,tt11002900,655369,0
Madeleine Collins,https://www.imdb.com/title/tt11310670/?ref_=adv_li_tt,2021,tt11310670,659988,0
Kung Fu Zohra,https://www.imdb.com/title/tt13261944/?ref_=adv_li_tt,2021,tt13261944,-,-
Memory Box,https://www.imdb.com/title/tt7265490/?ref_=adv_li_tt,2021,tt7265490,-,-
Charlotte,https://www.imdb.com/title/tt5806814/?ref_=adv_li_tt,III 2021,tt5806814,844135,0
Les choses humaines,https://www.imdb.com/title/tt13285394/?ref_=adv_li_tt,2021,tt13285394,756603,0
Robuste,https://www.imdb.com/title/tt13667548/?ref_=adv_li_tt,2021,tt13667548,-,-
Serre moi fort,https://www.imdb.com/title/tt13137576/?ref_=adv_li_tt,2021,tt13137576,756651,0
Albatros,https://www.imdb.com/title/tt11781806/?ref_=adv_li_tt,2021,tt11781806,661591,0
Qu'est-ce qu'on a tous fait au Bon Dieu?,https://www.imdb.com/title/tt12538726/?ref_=adv_li_tt,2021,tt12538726,-,-
After Blue (Paradis sale),https://www.imdb.com/title/tt10243676/?ref_=adv_li_tt,2021,tt10243676,-,-
Les promesses,https://www.imdb.com/title/tt13846472/?ref_=adv_li_tt,2021,tt13846472,-,-
Inexorable,https://www.imdb.com/title/tt12715472/?ref_=adv_li_tt,2021,tt12715472,-,-
Permis de construire,https://www.imdb.com/title/tt13941852/?ref_=adv_li_tt,2021,tt13941852,-,-
Tralala,https://www.imdb.com/title/tt12591668/?ref_=adv_li_tt,2021,tt12591668,657195,0
La croisade,https://www.imdb.com/title/tt13846352/?ref_=adv_li_tt,2021,tt13846352,842239,0
Down in Paris,https://www.imdb.com/title/tt11880722/?ref_=adv_li_tt,2021,tt11880722,-,-
Presque,https://www.imdb.com/title/tt13553662/?ref_=adv_li_tt,2021,tt13553662,-,-
Enquête sur un scandale d'État,https://www.imdb.com/title/tt8415986/?ref_=adv_li_tt,2021,tt8415986,-,-
Mon légionnaire,https://www.imdb.com/title/tt9348908/?ref_=adv_li_tt,2021,tt9348908,660719,0
Ils sont vivants,https://www.imdb.com/title/tt10945158/?ref_=adv_li_tt,2021,tt10945158,-,-
L'homme de la cave,https://www.imdb.com/title/tt13846372/?ref_=adv_li_tt,2021,tt13846372,796891,0
Freda,https://www.imdb.com/title/tt14775496/?ref_=adv_li_tt,2021,tt14775496,836489,0
Un tour chez ma fille,https://www.imdb.com/title/tt9665786/?ref_=adv_li_tt,2021,tt9665786,723294,0
Déflagrations,https://www.imdb.com/title/tt11906086/?ref_=adv_li_tt,2021,tt11906086,827887,0
Les méchants,https://www.imdb.com/title/tt12594018/?ref_=adv_li_tt,2021,tt12594018,735716,0
Les magnétiques,https://www.imdb.com/title/tt14068864/?ref_=adv_li_tt,2021,tt14068864,820709,0
Cette musique ne joue pour personne,https://www.imdb.com/title/tt10965976/?ref_=adv_li_tt,2021,tt10965976,785210,0
La vraie famille,https://www.imdb.com/title/tt13282344/?ref_=adv_li_tt,2021,tt13282344,-,-
Entre les vagues,https://www.imdb.com/title/tt14064662/?ref_=adv_li_tt,2021,tt14064662,-,-
Le Trésor du Petit Nicolas,https://www.imdb.com/title/tt15173948/?ref_=adv_li_tt,2021,tt15173948,740844,0
Les meilleures,https://www.imdb.com/title/tt10945316/?ref_=adv_li_tt,2021,tt10945316,-,-
Une jeune fille qui va bien,https://www.imdb.com/title/tt13328732/?ref_=adv_li_tt,2021,tt13328732,-,-
Mes frères et moi,https://www.imdb.com/title/tt13582752/?ref_=adv_li_tt,2021,tt13582752,-,-
La place d'une autre,https://www.imdb.com/title/tt13846526/?ref_=adv_li_tt,2021,tt13846526,820712,0
Bruno Reidal,https://www.imdb.com/title/tt10965850/?ref_=adv_li_tt,2021,tt10965850,583556,0
Fragile,https://www.imdb.com/title/tt14066140/?ref_=adv_li_tt,2021,tt14066140,853791,0
Opération Portugal,https://www.imdb.com/title/tt10945254/?ref_=adv_li_tt,2021,tt10945254,642684,1400000
Oranges sanguines,https://www.imdb.com/title/tt13274576/?ref_=adv_li_tt,2021,tt13274576,833404,0
Une femme du monde,https://www.imdb.com/title/tt14429000/?ref_=adv_li_tt,2021,tt14429000,810677,0
Eugénie Grandet,https://www.imdb.com/title/tt10196108/?ref_=adv_li_tt,2021,tt10196108,749386,0
Petite Solange,https://www.imdb.com/title/tt10376800/?ref_=adv_li_tt,2021,tt10376800,-,-
Adieu Paris,https://www.imdb.com/title/tt13492256/?ref_=adv_li_tt,2021,tt13492256,-,-
Upon Her Lips: Pure Feels,https://www.imdb.com/title/tt14406360/?ref_=adv_li_tt,2021,tt14406360,817491,0
Présidents,https://www.imdb.com/title/tt13558724/?ref_=adv_li_tt,2021,tt13558724,741124,0
Mi Iubita Mon Amour,https://www.imdb.com/title/tt14821328/?ref_=adv_li_tt,2021,tt14821328,835970,0
L'horizon,https://www.imdb.com/title/tt10768264/?ref_=adv_li_tt,2021,tt10768264,-,-
Suprêmes,https://www.imdb.com/title/tt15010786/?ref_=adv_li_tt,2021,tt15010786,807867,0
Arthur Rambo,https://www.imdb.com/title/tt10951972/?ref_=adv_li_tt,2021,tt10951972,-,-
Bonne mère,https://www.imdb.com/title/tt13006574/?ref_=adv_li_tt,2021,tt13006574,820711,0
The Male Gaze: Three's Company,https://www.imdb.com/title/tt15260034/?ref_=adv_li_tt,2021,tt15260034,864180,0
Envole-moi,https://www.imdb.com/title/tt11568322/?ref_=adv_li_tt,2021,tt11568322,783558,0
Suzanna Andler,https://www.imdb.com/title/tt11530778/?ref_=adv_li_tt,2021,tt11530778,660005,0
Les Tuche 4,https://www.imdb.com/title/tt12847352/?ref_=adv_li_tt,2021,tt12847352,613335,0
Un dragon en forme de nuage,https://www.imdb.com/title/tt10072662/?ref_=adv_li_tt,2021,tt10072662,654344,0
Algérien par accident,https://www.imdb.com/title/tt9619234/?ref_=adv_li_tt,2021,tt9619234,662714,0
On est fait pour s'entendre,https://www.imdb.com/title/tt14371818/?ref_=adv_li_tt,2021,tt14371818,809733,0
La nuit aux amants,https://www.imdb.com/title/tt13779412/?ref_=adv_li_tt,2021,tt13779412,-,-
La traversée,https://www.imdb.com/title/tt8567862/?ref_=adv_li_tt,2021,tt8567862,586945,3000000
Alors on danse,https://www.imdb.com/title/tt12883472/?ref_=adv_li_tt,2021,tt12883472,-,-
I comete,https://www.imdb.com/title/tt12826450/?ref_=adv_li_tt,2021,tt12826450,-,-
Théo et les métamorphoses,https://www.imdb.com/title/tt14043896/?ref_=adv_li_tt,2021,tt14043896,-,-
Rose,https://www.imdb.com/title/tt13511518/?ref_=adv_li_tt,2021,tt13511518,846864,0
Les Bodin's en Thaïlande,https://www.imdb.com/title/tt15049366/?ref_=adv_li_tt,2021,tt15049366,874294,8102011
Vous ne désirez que moi,https://www.imdb.com/title/tt14300376/?ref_=adv_li_tt,2021,tt14300376,-,-
Guermantes,https://www.imdb.com/title/tt15242370/?ref_=adv_li_tt,2021,tt15242370,861589,0
Le monde après nous,https://www.imdb.com/title/tt14043828/?ref_=adv_li_tt,2021,tt14043828,795775,0
Tom Medina,https://www.imdb.com/title/tt13845736/?ref_=adv_li_tt,2021,tt13845736,846198,0
Upon Her Lips: Heartbeats,https://www.imdb.com/title/tt14956786/?ref_=adv_li_tt,2021,tt14956786,846218,0
Les héroïques,https://www.imdb.com/title/tt7661518/?ref_=adv_li_tt,2021,tt7661518,789578,0
Jours sauvages,https://www.imdb.com/title/tt12833358/?ref_=adv_li_tt,2021,tt12833358,785202,0
Princesse Dragon,https://www.imdb.com/title/tt7805344/?ref_=adv_li_tt,2021,tt7805344,588917,0
Par Dessus L'épaule De Jonas,https://www.imdb.com/title/tt14039392/?ref_=adv_li_tt,2021,tt14039392,-,-
The French Boys,https://www.imdb.com/title/tt16306634/?ref_=adv_li_tt,2021,tt16306634,911495,0
Petite leçon d'amour,https://www.imdb.com/title/tt15532248/?ref_=adv_li_tt,2021,tt15532248,-,-
Ogre,https://www.imdb.com/title/tt13845758/?ref_=adv_li_tt,2021,tt13845758,-,-
Coeurs vaillants,https://www.imdb.com/title/tt15289702/?ref_=adv_li_tt,2021,tt15289702,-,-
El empleado y el patrón,https://www.imdb.com/title/tt14812780/?ref_=adv_li_tt,2021,tt14812780,764443,0
L'amour c'est mieux que la vie,https://www.imdb.com/title/tt13922000/?ref_=adv_li_tt,2021,tt13922000,-,-
Une mère,https://www.imdb.com/title/tt14200930/?ref_=adv_li_tt,2021,tt14200930,-,-
Je te veux moi non plus,https://www.imdb.com/title/tt14121686/?ref_=adv_li_tt,2021,tt14121686,799844,0
En passant pécho,https://www.imdb.com/title/tt13669344/?ref_=adv_li_tt,2021,tt13669344,659063,0
Sans toi,https://www.imdb.com/title/tt16377414/?ref_=adv_li_tt,2021,tt16377414,-,-
Compagnons,https://www.imdb.com/title/tt14064380/?ref_=adv_li_tt,2021,tt14064380,-,-
Sans soleil,https://www.imdb.com/title/tt10051000/?ref_=adv_li_tt,2021,tt10051000,785208,0
Le chemin du bonheur,https://www.imdb.com/title/tt12970142/?ref_=adv_li_tt,2021,tt12970142,-,-
Mes très chers enfants,https://www.imdb.com/title/tt13271264/?ref_=adv_li_tt,2021,tt13271264,770554,0
Spiral,https://www.imdb.com/title/tt9278312/?ref_=adv_li_tt,2021,tt9278312,766922,0
Attention au départ,https://www.imdb.com/title/tt10392128/?ref_=adv_li_tt,2021,tt10392128,787868,0
Le test,https://www.imdb.com/title/tt14236348/?ref_=adv_li_tt,2021,tt14236348,880728,0
Sentinelle sud,https://www.imdb.com/title/tt16912766/?ref_=adv_li_tt,2021,tt16912766,-,-
RG03,https://www.imdb.com/title/tt15445056/?ref_=adv_li_tt,2021,tt15445056,-,-
À l'ombre des filles,https://www.imdb.com/title/tt13038218/?ref_=adv_li_tt,2021,tt13038218,-,-
Dune Dreams,https://www.imdb.com/title/tt11018038/?ref_=adv_li_tt,2021,tt11018038,818926,0
Van Gogh in Love,https://www.imdb.com/title/tt9053344/?ref_=adv_li_tt,2021,tt9053344,758345,0
"Mon père, le Diable",https://www.imdb.com/title/tt13892558/?ref_=adv_li_tt,2021,tt13892558,854547,0
La Salamandre,https://www.imdb.com/title/tt3562014/?ref_=adv_li_tt,2021,tt3562014,-,-
La ruche,https://www.imdb.com/title/tt10438512/?ref_=adv_li_tt,2021,tt10438512,669654,0
Hikikomori,https://www.imdb.com/title/tt7146644/?ref_=adv_li_tt,2021,tt7146644,-,-
Entre Nous,https://www.imdb.com/title/tt14402084/?ref_=adv_li_tt,2021,tt14402084,828373,0
Shake Your Cares Away,https://www.imdb.com/title/tt5851558/?ref_=adv_li_tt,2021,tt5851558,796169,0
Les amandiers,https://www.imdb.com/title/tt14976386/?ref_=adv_li_tt,2021,tt14976386,-,-
C'est quoi ce papy?!,https://www.imdb.com/title/tt12847022/?ref_=adv_li_tt,2021,tt12847022,734480,0
De bas étage,https://www.imdb.com/title/tt11338144/?ref_=adv_li_tt,2021,tt11338144,783555,0
Méduse,https://www.imdb.com/title/tt15834708/?ref_=adv_li_tt,2021,tt15834708,-,-
Drunkenness,https://www.imdb.com/title/tt13539152/?ref_=adv_li_tt,2021,tt13539152,777149,0
Rendez-vous avec Diego,https://www.imdb.com/title/tt15583110/?ref_=adv_li_tt,2021,tt15583110,893525,0
The French Boys 2,https://www.imdb.com/title/tt16369736/?ref_=adv_li_tt,2021,tt16369736,913394,0
C'est magnifique!,https://www.imdb.com/title/tt10375632/?ref_=adv_li_tt,2021,tt10375632,-,-
Années 20,https://www.imdb.com/title/tt13272544/?ref_=adv_li_tt,2021,tt13272544,821492,0
CE2,https://www.imdb.com/title/tt13903240/?ref_=adv_li_tt,2021,tt13903240,860352,0
Un Petit Miracle,https://www.imdb.com/title/tt14766300/?ref_=adv_li_tt,2021,tt14766300,-,-
Pierre et Jeanne,https://www.imdb.com/title/tt14260194/?ref_=adv_li_tt,2021,tt14260194,-,-
Super Z,https://www.imdb.com/title/tt3577618/?ref_=adv_li_tt,2021,tt3577618,884714,0
Le coeur noir des forêts,https://www.imdb.com/title/tt12485780/?ref_=adv_li_tt,2021,tt12485780,820717,1300000
La cure,https://www.imdb.com/title/tt15101020/?ref_=adv_li_tt,2021,tt15101020,853204,0
New Queer Visions: The Last Days of Innocence,https://www.imdb.com/title/tt16636094/?ref_=adv_li_tt,2021,tt16636094,-,-
Et j'aime à la fureur,https://www.imdb.com/title/tt8122738/?ref_=adv_li_tt,2021,tt8122738,-,-
Le Regard Masculin: Rêves de Celluloïd,https://www.imdb.com/title/tt15834452/?ref_=adv_li_tt,2021,tt15834452,-,-
"Vortex, l'aube de la souveraineté",https://www.imdb.com/title/tt14440038/?ref_=adv_li_tt,2021,tt14440038,857793,0
Noël à tous les étages,https://www.imdb.com/title/tt14142950/?ref_=adv_li_tt,2021,tt14142950,903289,0
Joyeuse Retraite! 2,https://www.imdb.com/title/tt15035902/?ref_=adv_li_tt,2021,tt15035902,-,-
Les voisins de mes voisins sont mes voisins,https://www.imdb.com/title/tt15502904/?ref_=adv_li_tt,2021,tt15502904,-,-
Jerk,https://www.imdb.com/title/tt16868130/?ref_=adv_li_tt,2021,tt16868130,884255,0
l'été l'éternité,https://www.imdb.com/title/tt15078122/?ref_=adv_li_tt,2021,tt15078122,-,-
L'indivision,https://www.imdb.com/title/tt15348042/?ref_=adv_li_tt,2021,tt15348042,876270,0
Le Petit Piaf,https://www.imdb.com/title/tt13321782/?ref_=adv_li_tt,2021,tt13321782,756935,0
Mince alors 2!,https://www.imdb.com/title/tt14017174/?ref_=adv_li_tt,2021,tt14017174,756594,0
Municipale,https://www.imdb.com/title/tt15067124/?ref_=adv_li_tt,2021,tt15067124,-,-
Karma Sutra,https://www.imdb.com/title/tt14004292/?ref_=adv_li_tt,2021,tt14004292,-,-
Repentance,https://www.imdb.com/title/tt14917852/?ref_=adv_li_tt,2021,tt14917852,-,-
Quarantaines,https://www.imdb.com/title/tt14690568/?ref_=adv_li_tt,2021,tt14690568,-,-
French Touch: Desires,https://www.imdb.com/title/tt17597496/?ref_=adv_li_tt,2021,tt17597496,938833,0
La beauté du monde,https://www.imdb.com/title/tt15655568/?ref_=adv_li_tt,2021,tt15655568,892683,0
Love Bug,https://www.imdb.com/title/tt10373728/?ref_=adv_li_tt,2021,tt10373728,793709,0
Belle enfant,https://www.imdb.com/title/tt15269862/?ref_=adv_li_tt,2021,tt15269862,-,-
Les rendez-vous du samedi,https://www.imdb.com/title/tt15101036/?ref_=adv_li_tt,2021,tt15101036,-,-
Tic Tac,https://www.imdb.com/title/tt11846664/?ref_=adv_li_tt,2021,tt11846664,892690,0
Vas-tu renoncer?,https://www.imdb.com/title/tt15140116/?ref_=adv_li_tt,2021,tt15140116,848225,0
L'Instant présent,https://www.imdb.com/title/tt12728214/?ref_=adv_li_tt,2021,tt12728214,824413,0
Dogmatique - Le verità del destino,https://www.imdb.com/title/tt18233298/?ref_=adv_li_tt,2021,tt18233298,-,-
Legs,https://www.imdb.com/title/tt14845798/?ref_=adv_li_tt,2021,tt14845798,-,-
No Man's Land,https://www.imdb.com/title/tt12672720/?ref_=adv_li_tt,2021,tt12672720,-,-
Substance Noire,https://www.imdb.com/title/tt11235222/?ref_=adv_li_tt,2021,tt11235222,-,-
Ziyara,https://www.imdb.com/title/tt15520396/?ref_=adv_li_tt,2021,tt15520396,-,-
Boys Feels: I Love Trouble,https://www.imdb.com/title/tt15183366/?ref_=adv_li_tt,2021,tt15183366,862377,0
Lucie perd son cheval,https://www.imdb.com/title/tt15261064/?ref_=adv_li_tt,2021,tt15261064,872160,0
L'enfant Alien,https://www.imdb.com/title/tt11579696/?ref_=adv_li_tt,2021,tt11579696,-,-
"In Vino Veritas, O poveste frumoasa",https://www.imdb.com/title/tt15258736/?ref_=adv_li_tt,2021,tt15258736,-,-
Corona Clown,https://www.imdb.com/title/tt12364278/?ref_=adv_li_tt,2021,tt12364278,-,-
Purplemind,https://www.imdb.com/title/tt15446668/?ref_=adv_li_tt,2021,tt15446668,-,-
"Grandir, c'est chouette",https://www.imdb.com/title/tt15659944/?ref_=adv_li_tt,2021,tt15659944,801005,0
Mon père s'appelle Bernard Menez,https://www.imdb.com/title/tt3535150/?ref_=adv_li_tt,2021,tt3535150,893689,0
Lanceurs d'alerte,https://www.imdb.com/title/tt16494556/?ref_=adv_li_tt,2021,tt16494556,-,-
Les Trois Lascars,https://www.imdb.com/title/tt13697240/?ref_=adv_li_tt,2021,tt13697240,934803,0
Premier Royaume,https://www.imdb.com/title/tt15140152/?ref_=adv_li_tt,2021,tt15140152,857189,0
Olympique Marseille vs Paris Saint-Germain,https://www.imdb.com/title/tt15655086/?ref_=adv_li_tt,2021,tt15655086,-,-
La Montagne aux Mille regards,https://www.imdb.com/title/tt16912508/?ref_=adv_li_tt,2021,tt16912508,-,-
Des hommes de paille,https://www.imdb.com/title/tt11302336/?ref_=adv_li_tt,2021,tt11302336,828481,0
Dante's Divine Comedy,https://www.imdb.com/title/tt10465668/?ref_=adv_li_tt,2021,tt10465668,-,-
La tour de Nesle,https://www.imdb.com/title/tt14852752/?ref_=adv_li_tt,2021,tt14852752,845937,0
Dernier Soleil,https://www.imdb.com/title/tt14827236/?ref_=adv_li_tt,2021,tt14827236,838910,250000
Oeil oignon,https://www.imdb.com/title/tt15516760/?ref_=adv_li_tt,2021,tt15516760,-,-
Le film Mighty Six,https://www.imdb.com/title/tt15170304/?ref_=adv_li_tt,2021,tt15170304,-,-
Jojo,https://www.imdb.com/title/tt14917988/?ref_=adv_li_tt,2021,tt14917988,866626,0
Soleil Rouge,https://www.imdb.com/title/tt3357900/?ref_=adv_li_tt,2021,tt3357900,-,-
Nous disons révolution,https://www.imdb.com/title/tt15082814/?ref_=adv_li_tt,2021,tt15082814,848213,0
From Where They Stood,https://www.imdb.com/title/tt14131780/?ref_=adv_li_tt,2021,tt14131780,795897,0
L'Arme Ultime,https://www.imdb.com/title/tt10437232/?ref_=adv_li_tt,2021,tt10437232,-,-
Solitaires,https://www.imdb.com/title/tt15040900/?ref_=adv_li_tt,2021,tt15040900,-,-
Au jour d'aujourd'hui,https://www.imdb.com/title/tt14683902/?ref_=adv_li_tt,2021,tt14683902,822308,0
Les lendemains de veille,https://www.imdb.com/title/tt7126114/?ref_=adv_li_tt,2021,tt7126114,923372,0
Le silence de Sibel,https://www.imdb.com/title/tt16893002/?ref_=adv_li_tt,2021,tt16893002,-,-
Je ne suis pas ton pauvre,https://www.imdb.com/title/tt17657504/?ref_=adv_li_tt,2021,tt17657504,-,-
MIrror,https://www.imdb.com/title/tt14395062/?ref_=adv_li_tt,2021,tt14395062,-,-
Night is Our Space,https://www.imdb.com/title/tt16088510/?ref_=adv_li_tt,2021,tt16088510,-,-
Les mauvaises habitudes,https://www.imdb.com/title/tt14081396/?ref_=adv_li_tt,2021,tt14081396,784062,0
A86 Nord Sortie 10,https://www.imdb.com/title/tt15724150/?ref_=adv_li_tt,2021,tt15724150,-,-
Battle Bordel,https://www.imdb.com/title/tt10553928/?ref_=adv_li_tt,2021,tt10553928,892559,0
Dear Ed,https://www.imdb.com/title/tt14020878/?ref_=adv_li_tt,2021,tt14020878,-,-
L'homme qu'il vous faut,https://www.imdb.com/title/tt16420504/?ref_=adv_li_tt,2021,tt16420504,928243,0
La filière noire,https://www.imdb.com/title/tt16477752/?ref_=adv_li_tt,2021,tt16477752,-,-
Kamaloca,https://www.imdb.com/title/tt14109470/?ref_=adv_li_tt,2021,tt14109470,-,-
Waiting for May,https://www.imdb.com/title/tt10433262/?ref_=adv_li_tt,2021,tt10433262,-,-
L'Hiver,https://www.imdb.com/title/tt13836910/?ref_=adv_li_tt,2021,tt13836910,-,-
Un instant de bonheur,https://www.imdb.com/title/tt15459334/?ref_=adv_li_tt,2021,tt15459334,871698,0
Pièce démontée,https://www.imdb.com/title/tt4814910/?ref_=adv_li_tt,2021,tt4814910,-,-
Notre père,https://www.imdb.com/title/tt15498158/?ref_=adv_li_tt,2021,tt15498158,865534,0
La prophétie,https://www.imdb.com/title/tt15710406/?ref_=adv_li_tt,2021,tt15710406,873601,0
Le dernier acte,https://www.imdb.com/title/tt8961752/?ref_=adv_li_tt,IV 2021,tt8961752,928226,0
Fille de la mer Baltique,https://www.imdb.com/title/tt14458944/?ref_=adv_li_tt,2021,tt14458944,-,-
Trahis-moi si tu peux,https://www.imdb.com/title/tt16425674/?ref_=adv_li_tt,2021,tt16425674,-,-
Sudéris II : Résurgence,https://www.imdb.com/title/tt15276056/?ref_=adv_li_tt,2021,tt15276056,-,-
Le bal de Paris de Blanca Li,https://www.imdb.com/title/tt15172276/?ref_=adv_li_tt,2021,tt15172276,-,-
Aime-moi si tu peux,https://www.imdb.com/title/tt16425676/?ref_=adv_li_tt,2021,tt16425676,-,-
Requin Chagrin: Fou,https://www.imdb.com/title/tt14685188/?ref_=adv_li_tt,2021,tt14685188,-,-
Fantaisies et chroniques,https://www.imdb.com/title/tt15707254/?ref_=adv_li_tt,2021,tt15707254,-,-
A.U.D.,https://www.imdb.com/title/tt16288618/?ref_=adv_li_tt,2021,tt16288618,-,-
A Child's Smile,https://www.imdb.com/title/tt5678990/?ref_=adv_li_tt,2021,tt5678990,-,-
Chu Teh-Chun,https://www.imdb.com/title/tt13592166/?ref_=adv_li_tt,2021,tt13592166,893565,0
Adieu Vénus,https://www.imdb.com/title/tt15663190/?ref_=adv_li_tt,2021,tt15663190,882869,0
Un faux roman sur la vie d'Arthur Rimbaud,https://www.imdb.com/title/tt15101050/?ref_=adv_li_tt,2021,tt15101050,889504,0
Chien perdu,https://www.imdb.com/title/tt12170702/?ref_=adv_li_tt,2021,tt12170702,884439,0
Alice et Moi: Le pire de nous deux,https://www.imdb.com/title/tt14953310/?ref_=adv_li_tt,2021,tt14953310,-,-
Les rescapés,https://www.imdb.com/title/tt14990982/?ref_=adv_li_tt,2021,tt14990982,-,-
"Patricia Petibon, le chant des étoiles",https://www.imdb.com/title/tt16807096/?ref_=adv_li_tt,2021,tt16807096,-,-
Sapeurs-Pompiers,https://www.imdb.com/title/tt12554252/?ref_=adv_li_tt,2021,tt12554252,893966,0
Mourir la paix,https://www.imdb.com/title/tt11026634/?ref_=adv_li_tt,2021,tt11026634,893987,0
Faire face,https://www.imdb.com/title/tt15832220/?ref_=adv_li_tt,2021,tt15832220,774252,0
De l'autre côté du mur,https://www.imdb.com/title/tt11167416/?ref_=adv_li_tt,2021,tt11167416,-,-
Frederic LA VERDE et Le Piano Rouge on live in Jumiege's Abbaye (Normandy),https://www.imdb.com/title/tt15017662/?ref_=adv_li_tt,2021,tt15017662,-,-
Déconfinés,https://www.imdb.com/title/tt13717924/?ref_=adv_li_tt,2021,tt13717924,-,-
Mathieu Madenian - Un spectacle familial,https://www.imdb.com/title/tt16158466/?ref_=adv_li_tt,2021,tt16158466,-,-
Live Photo Paris,https://www.imdb.com/title/tt16301036/?ref_=adv_li_tt,2021,tt16301036,-,-
Paris the Artists Way - Trio Sora et Yaman Okur,https://www.imdb.com/title/tt18308238/?ref_=adv_li_tt,2021,tt18308238,-,-
À l'ombre des hommes de sa vie,https://www.imdb.com/title/tt11107884/?ref_=adv_li_tt,2021,tt11107884,-,-
Paris Saint-Germain vs Lille OSC,https://www.imdb.com/title/tt15673022/?ref_=adv_li_tt,2021,tt15673022,-,-
Margot s'en va...,https://www.imdb.com/title/tt14935840/?ref_=adv_li_tt,2021,tt14935840,-,-
Head or Tail: Redemption,https://www.imdb.com/title/tt16245062/?ref_=adv_li_tt,2021,tt16245062,-,-
La Colline,https://www.imdb.com/title/tt15100894/?ref_=adv_li_tt,2021,tt15100894,889484,0
Pomme d'amour,https://www.imdb.com/title/tt15294474/?ref_=adv_li_tt,2021,tt15294474,-,-
Appuyé au mur,https://www.imdb.com/title/tt15132754/?ref_=adv_li_tt,2021,tt15132754,853152,0
Après l'amour,https://www.imdb.com/title/tt11316284/?ref_=adv_li_tt,2021,tt11316284,-,-
"Kalika: Mon Amour, Mon Ami",https://www.imdb.com/title/tt14311204/?ref_=adv_li_tt,2021,tt14311204,-,-
Les planches en délires! (Stageplay),https://www.imdb.com/title/tt14839946/?ref_=adv_li_tt,2021,tt14839946,-,-
Sands of Arena,https://www.imdb.com/title/tt10934920/?ref_=adv_li_tt,2021,tt10934920,-,-
Les Rêves Cinétiques d'un Montreur d'Ombres,https://www.imdb.com/title/tt15129414/?ref_=adv_li_tt,2021,tt15129414,-,-
Monarque,https://www.imdb.com/title/tt12206006/?ref_=adv_li_tt,2021,tt12206006,-,-
Faux Contact,https://www.imdb.com/title/tt13435054/?ref_=adv_li_tt,2021,tt13435054,-,-
Dark West - Director's Cut,https://www.imdb.com/title/tt15731894/?ref_=adv_li_tt,2021,tt15731894,-,-
Recuerda - un moment por ella,https://www.imdb.com/title/tt15227746/?ref_=adv_li_tt,2021,tt15227746,-,-
Klon: Nouveau Genre,https://www.imdb.com/title/tt14852738/?ref_=adv_li_tt,2021,tt14852738,-,-
Les Etoiles de Fontevraud,https://www.imdb.com/title/tt18556416/?ref_=adv_li_tt,2021,tt18556416,-,-
Entre honte et courage,https://www.imdb.com/title/tt18686738/?ref_=adv_li_tt,2021,tt18686738,949097,0
